valid_time,temp_c,rh_pct,wind_speed_km_h,wind_gusts_km_h,wind_dir,wind_az_deg,rain_1hr_mm,pressure_hpa,pressure_trend_3h,hourly_ffmc,hourly_isi,hourly_fwi
2026-05-01 00:00 CST,-2.1,76.0,0.0,0.0,ENE,76,0.0,,,,,
2026-05-01 01:00 CST,-1.9,79.0,0.0,0.0,ENE,70,0.0,,,,,
2026-05-01 02:00 CST,-1.4,81.0,0.0,0.0,E,81,0.0,,,,,
2026-05-01 03:00 CST,-2.3,85.0,0.0,0.0,ESE,111,0.0,,,,,
2026-05-01 04:00 CST,-3.2,87.0,0.0,0.0,ESE,116,0.0,,,,,
2026-05-01 05:00 CST,-3.6,87.0,0.0,0.0,E,81,0.0,,,,,
2026-05-01 06:00 CST,-2.7,88.0,0.0,0.0,E,81,0.0,,,,,
2026-05-01 07:00 CST,0.3,77.0,0.0,0.0,ENE,77,0.0,,,,,
2026-05-01 08:00 CST,4.9,61.0,0.0,0.0,E,93,0.0,,,,,
2026-05-01 09:00 CST,8.8,50.0,0.0,7.0,E,98,0.0,,,,,
2026-05-01 10:00 CST,11.2,43.0,0.0,16.9,SSE,156,0.0,,,,,
2026-05-01 11:00 CST,13.5,35.0,0.0,16.4,SE,139,0.0,,,,,
2026-05-01 12:00 CST,14.4,34.0,10.9,21.5,SE,136,0.0,,,,,
2026-05-01 13:00 CST,16.0,31.0,11.1,21.2,SE,128,0.0,,,,,
2026-05-01 14:00 CST,16.3,31.0,12.6,23.0,SE,132,0.0,,,,,
2026-05-01 15:00 CST,16.9,30.0,9.7,20.0,SE,141,0.0,,,,,
2026-05-01 16:00 CST,15.6,33.0,11.1,20.5,SE,131,0.0,,,,,
2026-05-01 17:00 CST,14.8,34.0,10.4,20.4,ESE,116,0.0,,,,,
2026-05-01 18:00 CST,12.9,39.0,4.9,21.6,ESE,120,0.0,,,,,
2026-05-01 19:00 CST,11.1,45.0,0.0,14.8,E,82,0.0,,,,,
2026-05-01 20:00 CST,9.8,50.0,0.0,4.9,ENE,72,0.0,,,,,
2026-05-01 21:00 CST,6.6,60.0,0.0,8.8,WSW,242,0.0,,,,,
2026-05-01 22:00 CST,6.7,58.0,10.8,29.3,N,355,0.0,,,,,
2026-05-01 23:00 CST,4.5,67.0,0.0,16.0,WNW,288,0.0,,,,,
2026-05-02 00:00 CST,1.4,78.0,0.0,0.0,W,274,0.0,,,,,
2026-05-02 01:00 CST,0.6,85.0,0.0,0.0,WNW,301,0.0,,,,,
2026-05-02 02:00 CST,-0.2,88.0,0.0,0.0,W,267,0.0,,,,,
2026-05-02 03:00 CST,-0.6,88.0,0.0,0.0,W,272,0.0,,,,,
2026-05-02 04:00 CST,-1.5,90.0,0.0,0.0,WSW,251,0.0,,,,,
2026-05-02 05:00 CST,-1.7,95.0,0.0,0.0,W,276,0.0,,,,,
2026-05-02 06:00 CST,-0.4,94.0,0.0,0.0,WNW,289,0.0,,,,,
2026-05-02 07:00 CST,2.4,82.0,0.0,0.0,W,278,0.0,,,,,
2026-05-02 08:00 CST,5.1,71.0,0.0,0.0,W,266,0.0,,,,,
2026-05-02 09:00 CST,7.5,59.0,0.3,4.5,W,272,0.0,,,,,
2026-05-02 10:00 CST,10.3,38.0,10.7,21.9,W,275,0.0,,,,,
2026-05-02 11:00 CST,11.4,32.0,17.5,26.7,W,275,0.0,,,,,
2026-05-02 12:00 CST,12.4,30.0,18.1,31.2,WNW,282,0.0,,,,,
2026-05-02 13:00 CST,13.6,31.0,18.4,34.4,WNW,291,0.0,,,,,
2026-05-02 14:00 CST,14.1,31.0,14.3,27.9,WNW,290,0.0,,,,,
2026-05-02 15:00 CST,14.8,30.0,14.7,27.0,NW,321,0.0,,,,,
2026-05-02 16:00 CST,15.1,30.0,15.5,27.7,WNW,288,0.0,,,,,
2026-05-02 17:00 CST,15.8,28.0,11.2,32.9,NW,323,0.0,,,,,
2026-05-02 18:00 CST,15.4,28.0,6.2,24.0,WNW,285,0.0,,,,,
2026-05-02 19:00 CST,15.1,28.0,0.6,17.3,WNW,286,0.0,,,,,
2026-05-02 20:00 CST,12.5,37.0,0.0,0.0,WNW,288,0.0,,,,,
2026-05-02 21:00 CST,4.3,59.0,0.0,0.0,E,97,0.0,,,,,
2026-05-02 22:00 CST,0.6,70.0,0.0,0.0,E,81,0.0,,,,,
2026-05-02 23:00 CST,-1.0,75.0,0.0,0.0,E,81,0.0,,,,,
2026-05-03 00:00 CST,-1.8,80.0,0.0,0.0,E,94,0.0,,,,,
2026-05-03 01:00 CST,-2.3,83.0,0.0,0.0,ENE,59,0.0,,,,,
2026-05-03 02:00 CST,-2.9,85.0,0.0,0.0,ENE,65,0.0,,,,,
2026-05-03 03:00 CST,-3.1,87.0,0.0,0.0,NE,48,0.0,,,,,
2026-05-03 04:00 CST,-3.0,88.0,0.0,0.0,NE,36,0.0,,,,,
2026-05-03 05:00 CST,-2.1,88.0,0.0,0.0,ENE,62,0.0,,,,,
2026-05-03 06:00 CST,-1.3,88.0,0.0,0.0,WSW,255,0.0,,,,,
2026-05-03 07:00 CST,5.6,59.0,0.6,8.7,W,275,0.0,,,,,
2026-05-03 08:00 CST,7.0,56.0,9.8,22.9,WNW,293,0.0,,,,,
2026-05-03 09:00 CST,8.7,51.0,17.1,32.6,WNW,287,0.0,,,,,
2026-05-03 10:00 CST,9.7,48.0,18.3,31.3,WNW,289,0.0,,,,,
2026-05-03 11:00 CST,11.9,42.0,23.0,38.1,WNW,288,0.0,,,,,
2026-05-03 12:00 CST,12.7,40.0,19.3,43.4,WNW,302,0.0,,,,,
2026-05-03 13:00 CST,13.0,38.0,22.5,43.9,WNW,294,0.0,,,,,
2026-05-03 14:00 CST,13.0,38.0,31.3,58.3,NW,311,0.0,,,,,
2026-05-03 15:00 CST,10.8,40.0,32.4,61.8,NW,316,0.0,,,,,
2026-05-03 16:00 CST,7.7,62.0,29.7,73.7,NNW,328,0.0,,,,,
2026-05-03 17:00 CST,5.4,67.0,32.1,67.2,NW,325,0.0,,,,,
2026-05-03 18:00 CST,5.7,63.0,28.0,57.7,NW,326,0.0,,,,,
2026-05-03 19:00 CST,4.1,75.0,17.2,44.3,NNW,343,0.0,,,,,
2026-05-03 20:00 CST,3.5,71.0,12.1,35.2,N,350,0.0,,,,,
2026-05-03 21:00 CST,3.6,59.0,18.3,32.9,NNW,336,0.0,,,,,
2026-05-03 22:00 CST,3.2,61.0,8.7,42.0,NNW,333,0.0,,,,,
2026-05-03 23:00 CST,2.3,66.0,9.1,32.3,N,357,0.0,,,,,
2026-05-04 00:00 CST,0.6,75.0,15.6,40.5,NNW,342,0.0,,,,,
2026-05-04 01:00 CST,0.3,68.0,19.8,42.7,N,351,0.0,,,,,
2026-05-04 02:00 CST,-0.3,74.0,9.8,34.1,NNW,331,0.0,,,,,
2026-05-04 03:00 CST,-0.8,76.0,15.4,31.4,NNW,336,0.0,,,,,
2026-05-04 04:00 CST,-1.1,65.0,18.0,35.4,NNW,339,0.0,,,,,
2026-05-04 05:00 CST,-1.1,65.0,18.8,40.3,NNW,337,0.0,,,,,
2026-05-04 06:00 CST,-1.2,68.0,17.2,40.8,NNW,335,0.0,,,,,
2026-05-04 07:00 CST,-0.8,68.0,15.1,30.2,NW,326,0.0,,,,,
2026-05-04 08:00 CST,0.0,66.0,10.5,35.7,NNW,333,0.0,,,,,
2026-05-04 09:00 CST,1.1,54.0,21.2,41.7,NNW,334,0.0,,,,,
2026-05-04 10:00 CST,3.0,42.0,18.6,39.0,N,350,0.0,,,,,
2026-05-04 11:00 CST,3.6,40.0,18.5,41.6,NNW,331,0.0,,,,,
2026-05-04 12:00 CST,4.8,33.0,17.7,38.6,N,354,0.0,,,,,
2026-05-04 13:00 CST,4.9,30.0,24.1,41.0,NNW,334,0.0,,,,,
2026-05-04 14:00 CST,5.4,26.0,16.9,46.1,NNW,342,0.0,,,,,
2026-05-04 15:00 CST,5.9,27.0,18.6,40.3,NNW,332,0.0,,,,,
2026-05-04 16:00 CST,5.9,28.0,17.9,42.1,NNW,341,0.0,,,,,
2026-05-04 17:00 CST,5.1,29.0,21.7,47.1,NNW,332,0.0,,,,,
2026-05-04 18:00 CST,4.6,31.0,18.3,48.0,NNW,335,0.0,,,,,
2026-05-04 19:00 CST,3.3,34.0,23.9,48.8,N,9,0.0,,,,,
2026-05-04 20:00 CST,2.1,38.0,20.4,43.4,N,351,0.0,,,,,
2026-05-04 21:00 CST,0.5,45.0,14.1,37.7,N,353,0.0,,,,,
2026-05-04 22:00 CST,-0.2,48.0,3.4,30.7,N,359,0.0,,,,,
2026-05-04 23:00 CST,-1.4,51.0,3.1,25.6,NNW,328,0.0,,,,,
2026-05-05 00:00 CST,-1.9,51.0,1.0,14.7,NW,311,0.0,,,,,
2026-05-05 01:00 CST,-2.4,53.0,0.0,14.2,NW,309,0.0,,,,,
2026-05-05 02:00 CST,-2.8,55.0,2.1,11.2,WNW,296,0.0,,,,,
2026-05-05 03:00 CST,-3.0,53.0,4.7,15.2,NW,310,0.0,,,,,
2026-05-05 04:00 CST,-3.2,52.0,0.0,14.9,NW,308,0.0,,,,,
2026-05-05 05:00 CST,-2.8,53.0,6.8,19.3,NW,324,0.0,,,,,
2026-05-05 06:00 CST,-2.7,54.0,4.5,24.0,NNW,331,0.0,,,,,
2026-05-05 07:00 CST,-2.6,51.0,11.0,23.6,NNW,337,0.0,,,,,
2026-05-05 08:00 CST,-1.3,47.0,15.8,33.4,N,356,0.0,,,,,
2026-05-05 09:00 CST,0.1,45.0,16.3,37.1,N,9,0.0,,,,,
2026-05-05 10:00 CST,1.2,44.0,15.1,32.4,NNW,348,0.0,,,,,
2026-05-05 11:00 CST,2.4,43.0,11.1,34.3,N,10,0.0,,,,,
2026-05-05 12:00 CST,4.5,39.0,13.7,27.6,N,359,0.0,,,,,
2026-05-05 13:00 CST,4.6,37.0,17.2,32.2,NNW,330,0.0,,,,,
2026-05-05 14:00 CST,5.1,37.0,20.6,37.2,N,4,0.0,,,,,
2026-05-05 15:00 CST,5.4,41.0,19.6,36.8,N,358,0.0,,,,,
2026-05-05 16:00 CST,5.7,40.0,14.7,33.6,N,355,0.0,,,,,
2026-05-05 17:00 CST,5.9,38.0,12.2,28.0,NNE,12,0.0,,,,,
2026-05-05 18:00 CST,5.6,41.0,16.8,28.0,N,358,0.0,,,,,
2026-05-05 19:00 CST,4.6,45.0,14.8,28.2,N,2,0.0,,,,,
2026-05-05 20:00 CST,3.4,48.0,6.5,26.4,N,355,0.0,,,,,
2026-05-05 21:00 CST,0.4,59.0,0.0,15.3,NNE,12,0.0,,,,,
2026-05-05 22:00 CST,-3.3,73.0,0.0,0.0,NNE,29,0.0,,,,,
2026-05-05 23:00 CST,-4.8,82.0,0.0,0.0,NE,39,0.0,,,,,
2026-05-06 00:00 CST,-5.7,85.0,0.0,0.0,NNE,28,0.0,,,,,
2026-05-06 01:00 CST,-6.8,88.0,0.0,0.0,WNW,286,0.0,,,,,
2026-05-06 02:00 CST,-7.7,88.0,0.0,0.0,WNW,301,0.0,,,,,
2026-05-06 03:00 CST,-8.6,88.0,0.0,0.0,WNW,289,0.0,,,,,
2026-05-06 04:00 CST,-9.5,89.0,0.0,0.0,WNW,292,0.0,,,,,
2026-05-06 05:00 CST,-10.1,88.0,0.0,0.0,WNW,299,0.0,,,,,
2026-05-06 06:00 CST,-10.2,87.0,0.0,0.0,WNW,296,0.0,,,,,
2026-05-06 07:00 CST,-3.5,86.0,0.0,0.0,WNW,289,0.0,,,,,
2026-05-06 08:00 CST,1.1,54.0,0.0,0.0,E,90,0.0,,,,,
2026-05-06 09:00 CST,3.5,43.0,1.8,13.1,W,275,0.0,,,,,
2026-05-06 10:00 CST,4.1,38.0,0.5,17.6,WNW,283,0.0,,,,,
2026-05-06 11:00 CST,5.1,34.0,12.2,23.2,W,264,0.0,,,,,
2026-05-06 12:00 CST,6.0,31.0,15.0,24.5,WSW,253,0.0,,,,,
2026-05-06 13:00 CST,7.3,27.0,2.3,22.5,WNW,293,0.0,,,,,
2026-05-06 14:00 CST,8.5,25.0,8.3,21.0,W,276,0.0,,,,,
2026-05-06 15:00 CST,9.2,22.0,6.7,19.7,SW,232,0.0,,,,,
2026-05-06 16:00 CST,9.1,24.0,13.4,24.7,W,266,0.0,,,,,
2026-05-06 17:00 CST,9.2,22.0,14.8,26.7,W,281,0.0,,,,,
2026-05-06 18:00 CST,9.4,22.0,12.8,26.0,W,281,0.0,,,,,
2026-05-06 19:00 CST,9.3,23.0,6.3,23.1,W,277,0.0,,,,,
2026-05-06 20:00 CST,8.1,27.0,0.0,13.5,N,3,0.0,,,,,
2026-05-06 21:00 CST,1.2,46.0,0.0,0.0,ENE,66,0.0,,,,,
2026-05-06 22:00 CST,-2.8,64.0,0.0,0.0,NE,53,0.0,,,,,
2026-05-06 23:00 CST,-4.3,76.0,0.0,0.0,ENE,60,0.0,,,,,
2026-05-07 00:00 CST,-4.9,74.0,0.0,0.0,E,95,0.0,,,,,
2026-05-07 01:00 CST,-5.7,77.0,0.0,0.0,E,79,0.0,,,,,
2026-05-07 02:00 CST,-6.3,80.0,0.0,0.0,E,81,0.0,,,,,
2026-05-07 03:00 CST,-7.0,80.0,0.0,0.0,ENE,75,0.0,,,,,
2026-05-07 04:00 CST,-7.7,84.0,0.0,0.0,E,83,0.0,,,,,
2026-05-07 05:00 CST,-8.4,86.0,0.0,0.0,E,87,0.0,,,,,
2026-05-07 06:00 CST,-8.2,85.0,0.0,0.0,E,100,0.0,,,,,
2026-05-07 07:00 CST,-0.3,58.0,0.0,0.0,ESE,103,0.0,,,,,
2026-05-07 08:00 CST,2.4,49.0,1.1,11.2,SE,138,0.0,,,,,
2026-05-07 09:00 CST,5.3,41.0,3.6,17.2,SE,139,0.0,,,,,
2026-05-07 10:00 CST,6.6,37.0,1.2,18.5,SE,135,0.0,,,,,
2026-05-07 11:00 CST,8.4,35.0,0.2,18.3,ESE,122,0.0,,,,,
2026-05-07 12:00 CST,10.6,30.0,0.4,14.6,ESE,107,0.0,,,,,
2026-05-07 13:00 CST,10.8,30.0,1.5,15.4,SSW,205,0.0,,,,,
2026-05-07 14:00 CST,10.4,30.0,0.5,17.1,WNW,287,0.0,,,,,
2026-05-07 15:00 CST,11.9,41.0,0.0,6.4,WSW,251,0.0,,,,,
2026-05-07 16:00 CST,10.9,44.0,0.0,15.8,W,275,0.0,,,,,
2026-05-07 17:00 CST,12.2,39.0,0.0,0.0,WNW,295,0.0,,,,,
2026-05-07 18:00 CST,12.7,35.0,4.0,18.7,WNW,287,0.0,,,,,
2026-05-07 19:00 CST,11.5,38.0,0.0,16.6,WNW,295,0.0,,,,,
2026-05-07 20:00 CST,9.7,39.0,0.2,8.8,NW,326,0.0,,,,,
2026-05-07 21:00 CST,7.4,44.0,0.0,15.8,NW,317,0.0,,,,,
2026-05-07 22:00 CST,4.6,51.0,0.0,11.4,NNE,22,0.0,,,,,
2026-05-07 23:00 CST,0.7,62.0,0.0,0.0,N,8,0.0,,,,,
2026-05-08 00:00 CST,-1.7,72.0,0.0,0.0,W,272,0.0,,,,,
2026-05-08 01:00 CST,-2.9,83.0,0.0,0.0,WNW,293,0.0,,,,,
2026-05-08 02:00 CST,-3.5,87.0,0.0,0.0,WNW,290,0.0,,,,,
2026-05-08 03:00 CST,-1.9,82.0,0.0,0.0,WNW,295,0.0,,,,,
2026-05-08 04:00 CST,-0.1,73.0,0.0,0.0,W,273,0.0,,,,,
2026-05-08 05:00 CST,-0.1,74.0,0.0,0.0,WSW,256,0.0,,,,,
2026-05-08 06:00 CST,-0.2,76.0,0.0,0.0,WNW,298,0.0,,,,,
2026-05-08 07:00 CST,2.3,60.0,0.0,0.0,WNW,282,0.0,,,,,
2026-05-08 08:00 CST,5.7,46.0,0.0,0.0,W,281,0.0,,,,,
2026-05-08 09:00 CST,8.3,35.0,0.0,0.0,W,277,0.0,,,,,
2026-05-08 10:00 CST,9.8,31.0,0.5,13.1,WSW,253,0.0,,,,,
2026-05-08 11:00 CST,9.5,38.0,3.5,22.0,WNW,297,0.0,,,,,
2026-05-08 12:00 CST,8.0,48.0,13.1,26.7,WNW,284,0.0,,,,,
2026-05-08 13:00 CST,9.6,52.0,9.9,31.9,WNW,291,0.0,,,,,
2026-05-08 14:00 CST,9.7,35.0,14.3,28.8,N,8,0.0,,,,,
2026-05-08 15:00 CST,8.8,39.0,15.8,30.8,N,355,0.0,,,,,
2026-05-08 16:00 CST,10.6,38.0,15.9,31.0,N,3,0.0,,,,,
2026-05-08 17:00 CST,10.2,21.0,20.6,37.4,N,0,0.0,,,,,
2026-05-08 18:00 CST,10.0,26.0,16.1,36.1,N,349,0.0,,,,,
2026-05-08 19:00 CST,9.1,29.0,13.1,28.4,N,354,0.0,,,,,
2026-05-08 20:00 CST,7.4,33.0,9.4,28.3,NNE,20,0.0,,,,,
2026-05-08 21:00 CST,4.1,43.0,0.0,21.6,N,9,0.0,,,,,
2026-05-08 22:00 CST,-1.1,62.0,0.0,0.0,N,352,0.0,,,,,
2026-05-08 23:00 CST,-3.3,78.0,0.0,0.0,NW,307,0.0,,,,,
2026-05-09 00:00 CST,-4.3,82.0,0.0,0.0,WNW,298,0.0,,,,,
2026-05-09 01:00 CST,-3.9,84.0,0.0,0.0,WNW,289,0.0,,,,,
2026-05-09 02:00 CST,-3.9,85.0,0.0,0.0,WNW,290,0.0,,,,,
2026-05-09 03:00 CST,-4.5,84.0,0.0,0.0,WNW,288,0.0,,,,,
2026-05-09 04:00 CST,-3.3,75.0,0.0,0.0,WNW,282,0.0,,,,,
2026-05-09 05:00 CST,-4.6,82.0,0.0,0.0,W,270,0.0,,,,,
2026-05-09 06:00 CST,-2.8,72.0,0.0,0.0,W,277,0.0,,,,,
2026-05-09 07:00 CST,0.3,62.0,0.0,12.1,W,281,0.0,,,,,
2026-05-09 08:00 CST,3.0,55.0,3.9,14.1,WNW,284,0.0,,,,,
2026-05-09 09:00 CST,4.8,51.0,10.3,20.4,WNW,290,0.0,,,,,
2026-05-09 10:00 CST,6.6,48.0,6.9,21.7,WNW,290,0.0,,,,,
2026-05-09 11:00 CST,8.7,38.0,16.1,34.3,NNW,329,0.0,,,,,
2026-05-09 12:00 CST,9.7,40.0,9.3,32.5,NW,310,0.0,,,,,
2026-05-09 13:00 CST,10.7,35.0,12.8,31.1,NNW,334,0.0,,,,,
2026-05-09 14:00 CST,11.6,29.0,12.9,28.8,NNW,336,0.0,,,,,
2026-05-09 15:00 CST,12.4,27.0,1.8,32.3,NW,315,0.0,,,,,
2026-05-09 16:00 CST,11.6,29.0,13.6,29.9,NNW,341,0.0,,,,,
2026-05-09 17:00 CST,11.1,32.0,9.0,29.6,N,2,0.0,,,,,
2026-05-09 18:00 CST,11.3,32.0,12.7,23.9,NNE,13,0.0,,,,,
2026-05-09 19:00 CST,10.4,35.0,13.7,23.4,NNE,24,0.0,,,,,
2026-05-09 20:00 CST,8.4,41.0,7.2,21.5,NNE,25,0.0,,,,,
2026-05-09 21:00 CST,3.4,61.0,0.0,7.3,NNE,18,0.0,,,,,
2026-05-09 22:00 CST,-0.9,73.0,0.0,0.0,NNE,20,0.0,,,,,
2026-05-09 23:00 CST,-2.8,81.0,0.0,0.0,NNE,20,0.0,,,,,
2026-05-10 00:00 CST,-3.5,84.0,0.0,0.0,E,84,0.0,,,,,
2026-05-10 01:00 CST,-3.8,85.0,0.0,6.8,E,83,0.0,,,,,
2026-05-10 02:00 CST,-4.4,87.0,0.0,0.0,E,82,0.0,,,,,
2026-05-10 03:00 CST,-5.3,90.0,0.0,0.0,ENE,75,0.0,,,,,
2026-05-10 04:00 CST,-6.0,91.0,0.0,0.0,E,90,0.0,,,,,
2026-05-10 05:00 CST,-6.1,91.0,0.0,0.0,E,82,0.0,,,,,
2026-05-10 06:00 CST,-5.4,92.0,0.0,0.0,E,80,0.0,,,,,
2026-05-10 07:00 CST,1.2,72.0,0.0,0.0,ESE,106,0.0,,,,,
2026-05-10 08:00 CST,5.1,58.0,8.3,15.5,SE,125,0.0,,,,,
2026-05-10 09:00 CST,7.8,49.0,5.8,16.4,SE,125,0.0,,,,,
2026-05-10 10:00 CST,10.8,38.0,8.4,19.5,SSE,168,0.0,,,,,
2026-05-10 11:00 CST,12.6,31.0,8.0,22.7,S,179,0.0,,,,,
2026-05-10 12:00 CST,13.5,32.0,12.5,22.7,SSE,151,0.0,,,,,
2026-05-10 13:00 CST,14.9,30.0,10.2,23.9,SSE,154,0.0,,,,,
2026-05-10 14:00 CST,15.8,27.0,14.2,31.3,S,188,0.0,,,,,
2026-05-10 15:00 CST,16.7,25.0,10.8,25.1,S,169,0.0,,,,,
2026-05-10 16:00 CST,15.9,26.0,8.6,27.7,SSE,157,0.0,,,,,
2026-05-10 17:00 CST,16.5,26.0,11.9,25.2,SSE,161,0.0,,,,,
2026-05-10 18:00 CST,15.9,28.0,11.6,24.6,SSE,168,0.0,,,,,
2026-05-10 19:00 CST,15.5,29.0,13.8,27.9,SE,145,0.0,,,,,
2026-05-10 20:00 CST,13.4,37.0,6.4,19.2,SE,129,0.0,,,,,
2026-05-10 21:00 CST,11.0,42.0,0.0,10.4,SE,124,0.0,,,,,
2026-05-10 22:00 CST,9.9,46.0,0.0,0.0,ESE,114,0.0,,,,,
2026-05-10 23:00 CST,9.7,45.0,7.2,13.7,ESE,119,0.0,,,,,
2026-05-11 00:00 CST,8.5,47.0,7.7,13.1,ESE,122,0.0,,,,,
2026-05-11 01:00 CST,7.9,49.0,0.0,15.6,ESE,120,0.0,,,,,
2026-05-11 02:00 CST,7.8,52.0,7.4,12.7,SE,130,0.0,,,,,
2026-05-11 03:00 CST,8.5,49.0,9.4,15.4,ESE,109,0.0,,,,,
2026-05-11 04:00 CST,7.3,72.0,0.0,14.7,ENE,65,0.0,,,,,
2026-05-11 05:00 CST,7.0,68.0,6.0,11.6,E,79,0.0,,,,,
2026-05-11 06:00 CST,5.4,88.0,0.0,13.1,ENE,66,0.51,,,,,
2026-05-11 07:00 CST,4.6,94.0,0.0,13.2,NE,54,2.03,,,,,
2026-05-11 08:00 CST,3.8,95.0,0.0,12.2,NE,36,3.3,,,,,
2026-05-11 09:00 CST,4.4,96.0,3.1,10.9,E,95,0.51,,,,,
2026-05-11 10:00 CST,6.9,94.0,0.0,18.4,NE,48,0.0,,,,,
2026-05-11 11:00 CST,8.7,89.0,0.0,12.8,NE,39,0.0,,,,,
2026-05-11 12:00 CST,11.4,82.0,0.0,0.0,ENE,59,0.0,,,,,
2026-05-11 13:00 CST,11.4,82.0,0.0,0.0,NW,323,0.0,,,,,
2026-05-11 14:00 CST,15.3,67.0,0.0,0.0,NNE,32,0.0,,,,,
2026-05-11 15:00 CST,16.4,63.0,0.0,0.0,NNW,327,0.25,,,,,
2026-05-11 16:00 CST,16.5,62.0,0.0,13.2,ESE,120,0.0,,,,,
2026-05-11 17:00 CST,16.3,62.0,0.0,0.0,ESE,112,0.0,,,,,
2026-05-11 18:00 CST,16.6,64.0,0.0,15.3,E,99,0.0,,,,,
2026-05-11 19:00 CST,15.8,66.0,0.0,0.0,SSE,152,0.0,,,,,
2026-05-11 20:00 CST,15.6,71.0,0.0,0.0,WSW,257,0.0,,,,,
2026-05-11 21:00 CST,10.4,87.0,0.0,0.0,NE,48,0.0,,,,,
2026-05-11 22:00 CST,6.4,93.0,0.0,0.0,WNW,292,0.0,,,,,
2026-05-11 23:00 CST,4.0,95.0,0.0,0.0,W,274,0.0,,,,,
2026-05-12 00:00 CST,3.4,97.0,0.0,0.0,WNW,296,0.0,,,,,
2026-05-12 01:00 CST,1.9,97.0,0.0,9.4,WNW,284,0.0,,,,,
2026-05-12 02:00 CST,0.5,97.0,0.0,0.0,WNW,286,0.0,,,,,
2026-05-12 03:00 CST,-0.7,97.0,0.0,0.0,NW,308,0.0,,,,,
2026-05-12 04:00 CST,-0.9,98.0,0.0,0.0,WNW,297,0.0,,,,,
2026-05-12 05:00 CST,-0.8,98.0,0.0,0.0,WNW,298,0.0,,,,,
2026-05-12 06:00 CST,-0.9,98.0,0.0,0.0,WNW,301,0.0,,,,,
2026-05-12 07:00 CST,5.0,98.0,0.0,0.0,WSW,257,0.0,,,,,
2026-05-12 08:00 CST,10.7,55.0,0.2,11.5,W,272,0.0,,,,,
2026-05-12 09:00 CST,12.9,47.0,0.8,15.5,WNW,295,0.0,,,,,
2026-05-12 10:00 CST,16.6,36.0,8.2,17.5,WNW,297,0.0,,,,,
2026-05-12 11:00 CST,17.9,32.0,12.6,29.9,NW,320,0.0,,,,,
2026-05-12 12:00 CST,19.3,28.0,10.1,26.5,WNW,296,0.0,,,,,
2026-05-12 13:00 CST,20.2,26.0,14.9,35.1,WNW,290,0.0,,,,,
2026-05-12 14:00 CST,20.4,23.0,16.2,31.5,WNW,301,0.0,,,,,
2026-05-12 15:00 CST,22.8,22.0,13.7,30.9,NNW,341,0.0,,,,,
2026-05-12 16:00 CST,22.7,20.0,16.0,32.4,NW,309,0.0,,,85.0,3.5054605,6.8142433
2026-05-12 17:00 CST,22.4,21.0,11.0,31.1,WNW,298,0.0,,,86.437965,4.4835196,8.495783
2026-05-12 18:00 CST,20.2,23.0,4.1,28.1,WNW,291,0.0,,,87.309326,3.584145,6.9550223
2026-05-12 19:00 CST,20.9,25.0,0.0,22.3,W,278,0.0,,,87.86292,3.1552496,6.1741967
2026-05-12 20:00 CST,19.4,28.0,0.0,0.0,N,5,0.0,,,88.247215,3.3339076,6.503542
2026-05-12 21:00 CST,11.0,57.0,0.0,0.0,SE,139,0.0,,,88.1681,3.296296,6.434709
2026-05-12 22:00 CST,6.9,71.0,0.0,0.0,ENE,62,0.0,,,87.89627,3.1703546,6.202279
2026-05-12 23:00 CST,5.1,77.0,0.0,0.0,ENE,65,0.0,,,87.55187,3.0179024,5.916749
2026-05-13 00:00 CST,3.7,81.0,0.0,0.0,ENE,75,0.0,,,87.165215,2.855851,5.6079297
2026-05-13 01:00 CST,1.9,87.0,0.0,0.0,E,100,0.0,,,86.68903,2.668899,5.244364
2026-05-13 02:00 CST,1.1,87.0,0.0,0.0,ENE,77,0.0,,,86.24957,2.5080967,4.9248996
2026-05-13 03:00 CST,0.2,90.0,0.0,0.0,E,84,0.0,,,85.76998,2.344755,4.5934377
2026-05-13 04:00 CST,-0.5,90.0,0.0,0.0,ENE,72,0.0,,,85.32574,2.2041452,4.3020005
2026-05-13 05:00 CST,-1.0,92.0,0.0,0.0,ENE,72,0.0,,,84.85711,2.0663357,4.010378
2026-05-13 06:00 CST,-0.1,92.0,0.0,0.0,E,83,0.0,,,84.4078,1.94378,3.7455804
2026-05-13 07:00 CST,7.9,67.0,0.0,0.0,E,89,0.0,,,84.432045,1.950163,3.759507
2026-05-13 08:00 CST,13.3,49.0,0.0,0.0,ESE,120,0.0,,,84.60271,1.995828,3.8586965
2026-05-13 09:00 CST,16.3,42.0,0.0,0.0,SE,131,0.0,,,84.91407,2.0825303,4.044973
2026-05-13 10:00 CST,21.1,25.0,4.1,13.8,SSE,163,0.0,,,85.96011,2.960659,5.808304
2026-05-13 11:00 CST,23.2,20.0,0.0,22.0,SSE,159,0.0,,,86.8816,2.742869,5.389186
2026-05-13 12:00 CST,24.6,18.0,10.9,24.0,S,170,0.0,,,88.30206,5.819784,10.596753
2026-05-13 13:00 CST,26.0,16.0,13.8,31.5,SSW,194,0.0,,,89.72245,8.258465,16.184048
2026-05-13 14:00 CST,26.6,15.0,9.8,29.3,S,177,0.0,,,90.89878,7.9879417,15.781633
2026-05-13 15:00 CST,27.0,14.0,13.6,33.4,SSE,160,0.0,,,91.9845,11.286633,20.378157
2026-05-13 16:00 CST,27.2,13.0,16.1,36.7,S,181,0.0,,,93.330376,11.901988,21.171719
2026-05-13 17:00 CST,26.3,15.0,15.0,35.6,S,172,0.0,,,93.84479,15.719687,25.759024
2026-05-13 18:00 CST,24.7,17.0,4.7,28.4,SSE,160,0.0,,,94.05658,9.633654,18.154093
2026-05-13 19:00 CST,23.4,21.0,0.0,25.6,SE,128,0.0,,,94.10728,7.655686,15.280006
2026-05-13 20:00 CST,21.8,22.0,0.0,11.8,ESE,118,0.0,,,94.15799,7.709595,15.361966
2026-05-13 21:00 CST,20.0,25.0,0.0,7.5,E,86,0.0,,,94.18147,7.7346773,15.4000225
2026-05-13 22:00 CST,19.0,29.0,0.0,10.8,E,84,0.0,,,94.15223,7.703454,15.352641
2026-05-13 23:00 CST,18.3,29.0,0.0,10.4,ESE,108,0.0,,,94.1206,7.6698127,15.301505
2026-05-14 00:00 CST,18.4,29.0,11.9,21.5,ESE,108,0.0,,,94.00006,13.739032,23.445543
2026-05-14 01:00 CST,18.1,30.0,0.0,24.1,SE,130,0.0,,,93.96252,7.5036983,15.047715
2026-05-14 02:00 CST,17.6,32.0,10.6,26.2,ESE,110,0.0,,,93.7845,12.488725,21.912813
2026-05-14 03:00 CST,17.3,34.0,0.0,26.6,ESE,115,0.0,,,93.70227,7.2374187,14.636288
2026-05-14 04:00 CST,16.1,38.0,11.4,23.7,E,97,0.0,,,93.390625,12.308721,21.687012
2026-05-14 05:00 CST,15.4,41.0,0.2,17.0,E,101,0.0,,,93.198906,6.8152847,13.971845
2026-05-14 06:00 CST,14.5,59.0,0.0,18.0,E,92,0.0,,,92.7416,6.3282065,13.185216
2026-05-14 07:00 CST,13.2,66.0,0.0,9.1,ESE,121,0.0,,,92.19407,5.858685,12.404841
2026-05-14 08:00 CST,14.8,55.0,0.0,17.9,ESE,117,0.0,,,91.883896,5.607372,11.977479
2026-05-14 09:00 CST,16.1,50.0,9.0,27.9,ESE,105,0.0,,,91.51108,8.370743,16.349539
2026-05-14 10:00 CST,17.4,43.0,13.1,29.9,SE,126,0.0,,,91.33588,10.038744,18.712553
2026-05-14 11:00 CST,18.3,39.0,10.8,27.4,SE,129,0.0,,,91.29353,8.886513,17.098759
2026-05-14 12:00 CST,18.2,44.0,8.7,24.0,SSE,149,0.0,,,91.14999,7.8325853,15.548119
2026-05-14 13:00 CST,16.5,66.0,5.1,18.3,S,189,0.0,,,90.522575,5.9738865,13.400441
2026-05-14 14:00 CST,15.5,73.0,0.0,17.0,SSW,201,0.0,,,90.004715,4.290105,10.259834
2026-05-14 15:00 CST,14.8,77.0,0.0,0.0,WNW,282,0.0,,,89.44486,3.9591901,9.592349
2026-05-14 16:00 CST,13.5,84.0,0.0,0.0,WNW,286,0.0,,,90.74802,7.3964286,15.797326
2026-05-14 17:00 CST,13.0,93.0,0.0,0.0,WNW,283,0.25,,,83.76883,1.7845867,4.5595894
2026-05-14 18:00 CST,9.5,85.0,6.5,22.8,W,275,0.0,,,83.44111,2.3718684,6.0607605
2026-05-14 19:00 CST,8.9,83.0,2.0,22.3,WNW,287,0.0,,,83.24706,1.8435847,4.717054
2026-05-14 20:00 CST,9.0,84.0,18.5,34.1,NW,324,0.0,,,82.95062,4.0757465,9.829672
2026-05-14 21:00 CST,7.6,91.0,16.3,31.0,NW,312,0.0,,,82.37539,3.3934627,8.402852
2026-05-14 22:00 CST,7.0,93.0,15.4,34.4,NW,315,0.0,,,81.761154,3.0095186,7.5555296
2026-05-14 23:00 CST,6.3,93.0,17.9,37.4,NW,312,0.51,,,70.96884,1.5913904,4.0315094
2026-05-15 00:00 CST,5.1,94.0,16.4,34.4,NW,315,1.78,,,44.79339,0.18199483,0.25969285
2026-05-15 01:00 CST,4.2,94.0,16.5,34.1,NW,310,0.51,,,40.13923,0.0818873,0.11684698
2026-05-15 02:00 CST,1.9,92.0,14.8,33.6,NW,321,0.25,,,38.536644,0.054935616,0.07838897
2026-05-15 03:00 CST,0.7,95.0,10.8,23.3,NW,314,0.25,,,36.73834,0.030849809,0.044020344
2026-05-15 04:00 CST,0.6,96.0,11.2,20.6,NW,314,0.0,,,37.099358,0.034012087,0.048532676
2026-05-15 05:00 CST,0.6,96.0,12.6,22.4,NNW,329,0.25,,,35.343884,0.024800038,0.035387777
2026-05-15 06:00 CST,0.3,94.0,10.5,22.4,NW,326,0.25,,,33.84081,0.015703496,0.022407701
2026-05-15 07:00 CST,-0.2,95.0,11.5,36.4,NNW,333,0.0,,,34.2882,0.018371327,0.026214493
2026-05-15 08:00 CST,-0.9,92.0,17.4,31.7,NNW,346,0.0,,,35.030155,0.029400019,0.041951604
2026-05-15 09:00 CST,-0.8,91.0,13.3,39.4,N,351,0.25,,,33.78873,0.017858237,0.025482353
2026-05-15 10:00 CST,-1.3,92.0,11.4,29.3,N,352,0.0,,,34.428886,0.018894956,0.026961673
2026-05-15 11:00 CST,-2.1,91.0,13.3,33.3,N,357,0.76,,,29.463638,0.0058057,0.008284295
2026-05-15 12:00 CST,-2.2,91.0,9.8,29.6,NNW,345,0.0,,,30.147594,0.0058805943,0.008391163
2026-05-15 13:00 CST,-1.7,89.0,13.5,25.2,N,6,0.76,,,26.146973,0.0021941382,0.0023728523
2026-05-15 14:00 CST,-1.3,90.0,9.3,23.5,NNW,343,0.25,,,25.503958,0.001448244,0.0015662044
2026-05-15 15:00 CST,-0.6,89.0,11.9,32.4,N,351,0.76,,,22.373993,0.0005732307,0.00061992067
2026-05-15 16:00 CST,-0.4,88.0,13.8,28.7,NNW,346,0.0,,,23.455948,0.00092094287,0.0009959543
2026-05-15 17:00 CST,-0.2,86.0,16.1,29.0,NNW,346,0.0,,,24.731447,0.0015875896,0.0017168998
2026-05-15 18:00 CST,-0.2,87.0,14.2,30.2,N,355,3.81,,,11.511744,6.0030334e-06,6.4919845e-06
2026-05-15 19:00 CST,-0.6,91.0,4.3,31.0,N,354,0.0,,,12.142812,5.028031e-06,5.4375673e-06
2026-05-15 20:00 CST,-1.0,92.0,0.0,18.2,N,352,0.0,,,12.406494,4.621272e-06,4.997678e-06
2026-05-15 21:00 CST,-1.6,93.0,5.6,21.0,N,356,0.0,,,12.936504,7.966135e-06,8.614982e-06
2026-05-15 22:00 CST,-1.6,94.0,0.0,13.7,NNW,329,0.0,,,13.135737,6.6220146e-06,7.161382e-06
2026-05-15 23:00 CST,-1.5,95.0,0.0,0.0,NNW,336,0.0,,,13.306036,7.1930235e-06,7.7789e-06
2026-05-16 00:00 CST,-1.3,94.0,0.0,0.0,NW,325,0.0,,,13.507194,7.926334e-06,8.571938e-06
2026-05-16 01:00 CST,-1.5,95.0,0.0,0.0,WNW,303,0.0,,,13.677446,8.600588e-06,9.301112e-06
2026-05-16 02:00 CST,-2.9,95.0,0.0,0.0,NW,311,0.0,,,13.840153,9.294372e-06,1.0051404e-05
2026-05-16 03:00 CST,-4.4,94.0,0.0,0.0,NW,320,0.0,,,14.021671,1.0129454e-05,1.0954504e-05
2026-05-16 04:00 CST,-5.7,92.0,0.0,0.0,NW,320,0.0,,,14.245993,1.1257522e-05,1.2174454e-05
2026-05-16 05:00 CST,-6.9,91.0,0.0,0.0,NW,306,0.0,,,14.485408,1.2589182e-05,1.3614579e-05
2026-05-16 06:00 CST,-6.1,92.0,0.0,0.0,NW,305,0.0,,,14.706584,1.3947688e-05,1.5083736e-05
2026-05-16 07:00 CST,-1.8,92.0,0.0,0.0,NW,309,0.0,,,14.962343,1.5687263e-05,1.6965001e-05
2026-05-16 08:00 CST,1.8,78.0,0.0,0.0,ENE,63,1.02,,,12.867352,5.8069663e-06,6.2799477e-06
2026-05-16 09:00 CST,2.6,76.0,0.0,0.0,SW,227,1.52,,,10.346523,1.5904205e-06,1.7199613e-06
2026-05-16 10:00 CST,1.8,73.0,0.0,0.0,WNW,288,0.76,,,10.009226,1.3256804e-06,1.4336579e-06
2026-05-16 11:00 CST,4.4,61.0,0.0,11.6,E,79,1.78,,,8.748116,6.58191e-07,7.1180114e-07
2026-05-16 12:00 CST,4.3,63.0,1.0,9.5,SSE,155,3.05,,,7.219026,2.8369107e-07,3.067979e-07
2026-05-16 13:00 CST,5.2,57.0,0.0,9.7,E,87,0.0,,,8.743373,6.56422e-07,4.6829956e-07
2026-05-16 14:00 CST,4.7,62.0,0.0,0.0,SSE,168,0.0,,,10.094122,1.3881271e-06,9.903071e-07
2026-05-16 15:00 CST,6.3,60.0,5.3,18.3,SE,140,0.0,,,12.535756,6.4376413e-06,4.592693e-06
2026-05-16 16:00 CST,7.2,55.0,3.7,15.3,S,171,0.0,,,22.226467,0.00031399244,0.00022400609
2026-05-16 17:00 CST,7.8,51.0,0.0,18.3,SSE,157,0.0,,,24.069973,0.000566052,0.00040382848
2026-05-16 18:00 CST,7.0,53.0,3.7,14.8,SE,137,0.0,,,26.58015,0.0015323097,0.0010931686
2026-05-16 19:00 CST,6.2,58.0,0.0,6.2,SE,126,0.0,,,28.073853,0.0019941619,0.0014226597
2026-05-16 20:00 CST,5.1,67.0,0.0,0.0,SSE,154,0.0,,,29.222216,0.002775416,0.001980016
2026-05-16 21:00 CST,3.7,76.0,0.0,0.0,ESE,113,0.0,,,30.029978,0.003475092,0.0024791735
2026-05-16 22:00 CST,3.0,73.0,1.1,13.3,SE,125,0.0,,,31.221437,0.005060055,0.0036099057
2026-05-16 23:00 CST,2.1,75.0,0.0,12.7,ESE,115,0.0,,,31.999325,0.005859172,0.0041800058
2026-05-17 00:00 CST,1.4,77.0,0.0,12.4,E,91,0.0,,,32.695927,0.00698887,0.004985946
2026-05-17 01:00 CST,1.0,79.0,0.0,0.0,ENE,72,0.0,,,33.3222,0.0081592975,0.005820944
2026-05-17 02:00 CST,0.8,81.0,0.0,0.0,NE,42,0.0,,,33.884544,0.009349067,0.0066697397
2026-05-17 03:00 CST,0.3,83.0,0.0,9.3,ENE,58,0.0,,,34.378853,0.010513722,0.007500619
2026-05-17 04:00 CST,0.0,84.0,0.0,0.0,NE,42,0.0,,,34.838165,0.011703798,0.008349634
2026-05-17 05:00 CST,-0.4,86.0,0.0,0.0,NE,54,0.0,,,35.23531,0.012822521,0.009147745
2026-05-17 06:00 CST,-0.2,84.0,0.0,0.0,NE,45,0.0,,,35.68695,0.014202601,0.010132311
2026-05-17 07:00 CST,0.7,78.0,0.7,10.6,NE,51,0.0,,,36.51704,0.017676065,0.012610323
2026-05-17 08:00 CST,2.0,69.0,0.0,11.0,NE,51,0.0,,,37.413074,0.020672165,0.014747778
2026-05-17 09:00 CST,3.5,63.0,9.0,21.5,NE,50,0.0,,,39.444355,0.04910068,0.03502903
2026-05-17 10:00 CST,4.3,55.0,1.6,23.0,ENE,57,0.0,,,41.172665,0.046828102,0.033407748
2026-05-17 11:00 CST,6.1,51.0,4.4,21.0,ENE,58,0.0,,,43.379852,0.07916368,0.056476347
2026-05-17 12:00 CST,7.4,46.0,9.7,22.9,NE,43,0.0,,,46.132313,0.15908602,0.113493934
2026-05-17 13:00 CST,9.2,40.0,9.8,23.5,NE,50,0.0,,,49.150562,0.24186037,0.18812184
2026-05-17 14:00 CST,10.3,37.0,8.4,30.2,NE,41,0.0,,,52.154625,0.32099038,0.24967009
2026-05-17 15:00 CST,10.7,32.0,8.7,27.7,ENE,59,0.0,,,55.21168,0.4409913,0.34300822
2026-05-17 16:00 CST,10.8,33.0,11.9,26.5,E,95,0.0,,,51.59158,0.3221339,0.2505595
2026-05-17 17:00 CST,10.5,32.0,7.8,24.8,E,88,0.0,,,54.600235,0.39849007,0.30995023
2026-05-17 18:00 CST,9.3,34.0,6.3,21.8,NE,55,0.0,,,57.164825,0.46045974,0.358151
2026-05-17 19:00 CST,8.4,35.0,1.8,22.9,ENE,62,0.0,,,59.13657,0.42372838,0.3295809
2026-05-17 20:00 CST,7.8,40.0,5.3,20.2,ENE,57,0.0,,,61.107418,0.57132405,0.44438255
2026-05-17 21:00 CST,4.9,48.0,0.0,0.0,ENE,59,0.0,,,62.10159,0.46181875,0.35920805
2026-05-17 22:00 CST,1.5,63.0,0.0,0.0,ENE,69,0.0,,,62.69657,0.47598904,0.37022987
2026-05-17 23:00 CST,-1.1,81.0,0.0,0.0,ENE,77,0.0,,,62.961727,0.48219055,0.37505347
2026-05-18 00:00 CST,-2.0,82.0,0.0,0.0,ENE,76,0.0,,,63.201412,0.487734,0.3793652
2026-05-18 01:00 CST,-2.3,87.0,0.0,0.0,WNW,286,0.0,,,63.37124,0.4916253,0.38239193
2026-05-18 02:00 CST,-3.1,89.0,0.0,0.0,N,8,0.0,,,63.511288,0.49481133,0.38487005
2026-05-18 03:00 CST,-3.6,92.0,0.0,0.0,WNW,289,0.0,,,63.615417,0.4971667,0.3867021
2026-05-18 04:00 CST,-4.1,92.0,0.0,0.0,WNW,292,0.0,,,63.717506,0.49946457,0.3884894
2026-05-18 05:00 CST,-4.9,92.0,0.0,0.0,ENE,72,0.0,,,63.816746,0.5016877,0.3902186
2026-05-18 06:00 CST,-4.0,93.0,0.0,0.0,ENE,70,0.0,,,63.908295,0.5037291,0.3918064
2026-05-18 07:00 CST,-2.5,92.0,0.0,0.0,ENE,74,0.0,,,64.01374,0.50606924,0.3936266
2026-05-18 08:00 CST,3.3,65.0,0.0,0.0,SE,125,0.0,,,64.572365,0.5182679,0.40311486
2026-05-18 09:00 CST,6.1,46.0,2.3,11.7,SE,136,0.0,,,65.838104,0.6116498,0.4757484
2026-05-18 10:00 CST,7.8,40.0,8.4,21.4,SSE,147,0.0,,,67.550545,0.88311774,0.6868993
2026-05-18 11:00 CST,8.7,33.0,13.9,24.7,SSE,157,0.0,,,69.55753,1.2426188,0.96652347
2026-05-18 12:00 CST,9.2,30.0,14.2,29.7,SSE,165,0.0,,,71.530464,1.3464464,1.2420812
2026-05-18 13:00 CST,9.8,29.0,13.3,31.1,SSW,202,0.0,,,73.385414,1.3831546,1.7150189
2026-05-18 14:00 CST,11.1,28.0,8.4,23.6,S,183,0.0,,,75.06091,1.1735526,1.1555164
2026-05-18 15:00 CST,11.3,25.0,4.2,26.7,ESE,116,0.0,,,76.53274,1.0406734,0.9089406
2026-05-18 16:00 CST,12.4,24.0,3.4,23.3,SSE,159,0.0,,,75.30013,1.5933609,2.1691551
2026-05-18 17:00 CST,12.0,25.0,6.5,20.1,SSE,153,0.0,,,76.888435,1.1983436,1.2398108
2026-05-18 18:00 CST,11.7,26.0,5.9,21.6,SSE,147,0.0,,,78.26892,1.2976465,1.5116965
2026-05-18 19:00 CST,10.7,30.0,10.8,22.3,SSE,152,0.0,,,79.48248,1.8592949,2.6972587
2026-05-18 20:00 CST,8.1,38.0,3.6,21.6,SE,133,0.0,,,80.15172,1.385205,1.7197095
2026-05-18 21:00 CST,6.4,44.0,0.0,10.2,SE,129,0.0,,,80.501015,1.1994528,1.2433017
2026-05-18 22:00 CST,3.9,54.0,0.0,3.6,SE,145,0.0,,,80.69237,1.2248752,1.3192384
2026-05-18 23:00 CST,2.7,59.0,0.0,0.0,SE,136,0.0,,,80.823814,1.2428861,1.3695337
2026-05-19 00:00 CST,1.4,65.0,0.0,0.0,SE,135,0.0,,,80.90199,1.2538136,1.3990258
2026-05-19 01:00 CST,1.8,61.0,0.0,0.0,SE,145,0.0,,,81.00528,1.2685014,1.4376798
2026-05-19 02:00 CST,0.9,74.0,0.0,0.0,SSE,150,0.0,,,81.05167,1.2751918,1.4549608
2026-05-19 03:00 CST,-1.3,83.0,0.0,0.0,SSE,147,0.0,,,81.00669,1.2687042,1.4382064
2026-05-19 04:00 CST,-3.4,89.0,0.0,0.0,ENE,64,0.0,,,80.85669,1.2474613,1.3819654
2026-05-19 05:00 CST,-4.0,88.0,0.0,0.0,ENE,74,0.0,,,80.73286,1.230375,1.334848
2026-05-19 06:00 CST,-2.8,90.0,0.0,0.0,E,94,0.0,,,80.5759,1.2092903,1.2735362
2026-05-19 07:00 CST,1.4,81.0,0.0,0.0,ESE,120,0.0,,,80.600174,1.2125101,1.2831781
2026-05-19 08:00 CST,7.0,50.0,0.0,0.0,SSW,192,0.0,,,80.86843,1.2491025,1.3863945
2026-05-19 09:00 CST,9.6,35.0,16.4,29.6,S,191,0.0,,,81.72406,3.1510878,4.941536
2026-05-19 10:00 CST,11.2,30.0,14.7,28.4,S,169,0.0,,,82.67319,3.249205,5.097849
2026-05-19 11:00 CST,11.8,32.0,12.7,29.2,SSE,164,0.0,,,83.47132,3.254505,5.1062474
2026-05-19 12:00 CST,12.9,30.0,14.9,31.2,SSW,203,0.0,,,84.30702,4.0626893,6.3392534
2026-05-19 13:00 CST,13.5,30.0,11.6,32.4,SW,223,0.0,,,85.03723,3.8000998,6.7246733
2026-05-19 14:00 CST,13.4,30.0,15.6,33.4,SSW,192,0.0,,,85.713615,5.1058536,8.757467
2026-05-19 15:00 CST,13.4,32.0,0.9,31.0,S,176,0.0,,,86.09795,2.5690255,4.5758758
2026-05-19 16:00 CST,14.7,30.0,9.7,31.3,SSW,197,0.0,,,85.93493,5.0839624,8.725003
2026-05-19 17:00 CST,15.0,31.0,13.1,28.6,S,186,0.0,,,86.516106,5.0393567,8.658699
2026-05-19 18:00 CST,16.1,29.0,13.5,29.3,S,183,0.0,,,87.12862,5.6092653,9.490955
2026-05-19 19:00 CST,13.8,35.0,10.7,26.6,S,183,0.0,,,87.40557,5.067423,8.700442
2026-05-19 20:00 CST,12.3,49.0,1.9,22.2,W,264,0.0,,,87.45407,3.2750318,5.841654
2026-05-19 21:00 CST,10.5,62.0,0.0,0.0,SSE,159,0.0,,,87.36145,2.9369164,5.2480063
2026-05-19 22:00 CST,9.7,56.0,0.2,4.3,SSE,158,0.0,,,87.33323,2.9547381,5.2798405
2026-05-19 23:00 CST,9.7,62.0,3.7,20.0,S,174,0.0,,,87.192825,3.4547439,6.148873
2026-05-20 00:00 CST,5.2,82.0,0.0,0.0,SSE,151,0.0,,,86.80198,2.7120194,4.8406453
2026-05-20 01:00 CST,2.3,91.0,0.0,0.0,NNW,340,0.0,,,86.23497,2.5029397,4.451886
2026-05-20 02:00 CST,0.3,92.0,0.0,0.0,ENE,69,0.0,,,85.6972,2.3210294,4.1048975
2026-05-20 03:00 CST,-1.0,94.0,0.0,0.0,ENE,69,0.0,,,85.143364,2.1492646,3.7689219
2026-05-20 04:00 CST,-1.7,96.0,0.0,0.0,E,84,0.0,,,84.55997,1.9842702,3.4376042
2026-05-20 05:00 CST,-2.2,96.0,0.0,0.0,ENE,63,0.0,,,84.01765,1.8445463,3.149543
2026-05-20 06:00 CST,-1.1,98.0,0.0,0.0,ENE,64,0.0,,,83.41047,1.702586,2.8487062
2026-05-20 07:00 CST,6.3,74.0,0.0,0.0,E,93,0.0,,,83.39962,1.7001812,2.8435307
2026-05-20 08:00 CST,10.5,58.0,0.0,0.0,SSE,167,0.0,,,83.49835,1.7222306,2.8908792
2026-05-20 09:00 CST,13.1,51.0,0.0,0.0,SE,137,0.0,,,83.697044,1.7677548,2.9879181
2026-05-20 10:00 CST,15.7,45.0,0.0,0.0,SE,126,0.0,,,84.0118,1.8431087,3.1465397
2026-05-20 11:00 CST,18.6,36.0,0.4,17.7,ENE,77,0.0,,,84.59471,2.034252,3.538925
2026-05-20 12:00 CST,18.7,32.0,10.5,20.5,ESE,112,0.0,,,85.457214,3.8101828,6.7412133
2026-05-20 13:00 CST,19.4,26.0,10.7,24.4,S,175,0.0,,,86.44003,4.4175425,8.7470255
2026-05-20 14:00 CST,20.7,22.0,1.8,29.7,ESE,103,0.0,,,87.29628,3.1859848,6.5220704
2026-05-20 15:00 CST,21.3,20.0,3.7,18.2,ESE,117,0.0,,,88.20396,3.9923668,8.006579
2026-05-20 16:00 CST,21.2,22.0,5.6,26.5,SE,126,0.0,,,89.533615,6.806433,12.510642
2026-05-20 17:00 CST,22.1,20.0,6.1,23.8,ENE,62,0.0,,,90.21382,6.0112424,11.321585
2026-05-20 18:00 CST,19.8,23.0,0.6,23.0,ESE,117,0.0,,,90.53158,4.768011,9.338614
2026-05-20 19:00 CST,19.8,23.0,11.2,22.9,ESE,121,0.0,,,90.900276,8.57364,14.979043
2026-05-20 20:00 CST,18.1,27.0,1.5,20.1,ESE,108,0.0,,,91.00737,5.339724,10.2713
2026-05-20 21:00 CST,14.2,42.0,0.0,0.0,E,93,0.0,,,90.96092,4.918334,9.587578
2026-05-20 22:00 CST,8.2,58.0,0.0,0.0,E,94,0.0,,,90.693985,4.7345743,9.282858
2026-05-20 23:00 CST,5.2,71.0,0.0,0.0,ENE,75,0.0,,,90.2654,4.4532495,8.808043
2026-05-21 00:00 CST,3.5,80.0,0.0,0.0,ENE,75,0.0,,,89.72355,4.1206646,8.232799
2026-05-21 01:00 CST,2.6,87.0,0.0,0.0,ENE,65,0.0,,,89.07217,3.7529676,7.5775833
2026-05-21 02:00 CST,1.9,88.0,0.0,0.0,ENE,73,0.0,,,88.44766,3.4311705,6.9857655
2026-05-21 03:00 CST,0.8,90.0,0.0,0.0,ENE,70,0.0,,,87.82389,3.137664,6.429285
2026-05-21 04:00 CST,-0.1,92.0,0.0,0.0,ENE,74,0.0,,,87.19259,2.8670156,5.9004235
2026-05-21 05:00 CST,-0.6,93.0,0.0,0.0,ENE,77,0.0,,,86.57571,2.6263797,5.4160953
2026-05-21 06:00 CST,1.4,96.0,0.0,0.0,ENE,72,0.0,,,85.85207,2.3718457,4.8875747
2026-05-21 07:00 CST,9.7,65.0,0.0,0.0,ENE,64,0.0,,,85.8225,2.3620462,4.8668647
2026-05-21 08:00 CST,13.7,51.0,0.0,0.0,E,81,0.0,,,85.89057,2.3846717,4.9146385
2026-05-21 09:00 CST,15.0,48.0,0.4,6.4,ESE,113,0.0,,,86.01362,2.475592,5.1051393
2026-05-21 10:00 CST,17.6,37.0,6.4,23.1,ESE,104,0.0,,,86.46035,3.5671926,7.238145
2026-05-21 11:00 CST,18.7,32.0,13.3,24.2,E,100,0.0,,,87.09553,5.526907,10.568697
2026-05-21 12:00 CST,18.8,29.0,0.7,24.5,ESE,122,0.0,,,87.565125,3.1321807,6.4187255
2026-05-21 13:00 CST,21.1,23.0,11.2,22.1,E,96,0.0,,,88.44729,6.0328274,12.51765
2026-05-21 14:00 CST,20.6,26.0,13.0,25.8,SE,130,0.0,,,89.07282,7.2261834,14.418345
2026-05-21 15:00 CST,20.6,24.0,8.9,23.2,ESE,119,0.0,,,89.6402,6.3759456,13.077749
2026-05-21 16:00 CST,21.8,21.0,5.2,21.8,E,87,0.0,,,90.64644,4.8713737,10.526042
2026-05-21 17:00 CST,21.6,19.0,5.1,22.2,SE,134,0.0,,,91.16706,6.5490437,13.355967
2026-05-21 18:00 CST,19.6,24.0,5.7,23.5,SE,137,0.0,,,91.37784,6.955482,13.998425
2026-05-21 19:00 CST,18.4,27.0,0.0,14.9,SE,127,0.0,,,91.43546,5.261913,11.213581
2026-05-21 20:00 CST,17.9,29.0,0.0,0.0,ESE,113,0.0,,,91.4853,5.2992873,11.278376
2026-05-21 21:00 CST,14.4,40.0,0.3,4.6,ESE,123,0.0,,,91.42276,5.3324304,11.335694
2026-05-21 22:00 CST,9.0,63.0,0.0,7.0,E,98,0.0,,,91.05051,4.9815164,10.721931
2026-05-21 23:00 CST,7.9,61.0,0.0,0.0,E,96,0.0,,,90.73629,4.7632523,10.332169
2026-05-22 00:00 CST,8.0,68.0,0.0,0.0,ESE,123,0.0,,,90.335785,4.498316,9.850218
2026-05-22 01:00 CST,4.9,84.0,0.0,0.0,E,98,0.0,,,89.68465,4.0977416,9.101609
2026-05-22 02:00 CST,2.8,86.0,0.0,0.0,E,92,0.0,,,89.058495,3.745609,8.42173
2026-05-22 03:00 CST,1.9,90.0,0.0,0.0,ESE,103,0.0,,,88.37806,3.3970742,7.726323
2026-05-22 04:00 CST,1.0,93.0,0.0,0.0,ENE,78,0.0,,,87.65968,3.0647888,7.039968
2026-05-22 05:00 CST,0.3,94.0,0.0,0.0,E,82,0.0,,,86.964195,2.7752702,6.420991
2026-05-22 06:00 CST,1.7,97.0,0.0,0.0,ENE,72,0.0,,,86.16274,2.477604,5.761507
2026-05-22 07:00 CST,9.2,71.0,2.7,13.4,E,97,0.0,,,85.976814,2.7654672,6.3996615
2026-05-22 08:00 CST,12.7,59.0,0.0,13.2,ESE,119,0.0,,,86.02484,2.4300208,5.6537004
2026-05-22 09:00 CST,15.7,51.0,0.0,6.7,E,92,0.0,,,86.10239,2.456651,5.7141204
2026-05-22 10:00 CST,16.7,48.0,0.0,12.1,SE,127,0.0,,,86.225,2.4994247,5.8107157
2026-05-22 11:00 CST,18.9,38.0,0.0,6.2,NE,36,0.0,,,86.53743,2.6121857,6.0627713
2026-05-22 12:00 CST,19.8,29.0,0.6,8.6,ENE,78,0.0,,,87.09347,2.9135785,6.71928
2026-05-22 13:00 CST,20.0,21.0,0.8,19.6,E,98,0.0,,,87.82866,3.2689648,8.199387
2026-05-22 14:00 CST,21.3,21.0,0.3,17.2,E,82,0.0,,,88.50203,3.5107172,8.725478
2026-05-22 15:00 CST,21.1,22.0,0.4,16.3,ESE,104,0.0,,,89.07131,3.8289104,9.398804
2026-05-22 16:00 CST,21.8,21.0,0.3,21.6,NE,55,0.0,,,91.123886,5.1883626,12.073677
2026-05-22 17:00 CST,21.2,23.0,0.7,22.1,SE,134,0.0,,,91.37711,5.4058256,12.476053
2026-05-22 18:00 CST,21.2,25.0,0.0,17.0,ESE,111,0.0,,,91.53016,5.333146,12.34226
2026-05-22 19:00 CST,19.7,30.0,5.9,27.3,SE,138,0.0,,,91.580025,7.230581,15.63892
2026-05-22 20:00 CST,17.8,37.0,5.0,19.0,SE,127,0.0,,,91.55824,6.888665,15.072135
2026-05-22 21:00 CST,14.9,51.0,0.0,19.2,ESE,122,0.0,,,91.35799,5.204303,12.103383
2026-05-22 22:00 CST,13.1,63.0,2.1,11.8,ESE,122,0.0,,,90.856735,5.3867073,12.440925
2026-05-22 23:00 CST,11.5,72.0,0.0,4.1,SE,125,0.0,,,90.35552,4.5110326,10.77803
2026-05-23 00:00 CST,8.2,86.0,0.0,0.0,SE,138,0.0,,,89.598755,4.0475726,9.849951
2026-05-23 01:00 CST,5.0,92.0,0.0,0.0,E,86,0.0,,,88.7549,3.5858636,8.886384
2026-05-23 02:00 CST,3.7,95.0,0.0,0.0,ENE,78,0.0,,,87.876175,3.1612432,7.960604
2026-05-23 03:00 CST,2.8,96.0,0.0,0.0,E,90,0.0,,,87.03493,2.8033433,7.1461515
2026-05-23 04:00 CST,1.6,97.0,0.0,0.0,ENE,69,0.0,,,86.23067,2.501422,6.431042
2026-05-23 05:00 CST,1.1,98.0,0.0,0.0,ENE,78,0.0,,,85.44257,2.240162,5.7884626
2026-05-23 06:00 CST,3.7,99.0,0.0,0.0,E,86,0.0,,,84.60185,1.995596,5.1639986
2026-05-23 07:00 CST,6.4,99.0,0.0,0.0,ESE,114,0.0,,,83.76986,1.7848299,4.6053576
2026-05-23 08:00 CST,11.4,77.0,0.0,8.0,E,100,0.0,,,83.7304,1.7755505,4.5802803
2026-05-23 09:00 CST,14.2,65.0,2.7,13.5,SE,131,0.0,,,83.78646,2.0494502,5.303578
2026-05-23 10:00 CST,16.4,57.0,11.2,19.7,ESE,114,0.0,,,84.03153,3.2493477,8.156108
2026-05-23 11:00 CST,17.9,50.0,11.6,23.0,SE,130,0.0,,,84.448875,3.5068362,8.717135
2026-05-23 12:00 CST,19.2,48.0,14.4,24.9,ESE,119,0.0,,,84.926895,4.31009,10.380122
2026-05-23 13:00 CST,21.1,39.0,11.1,22.9,SE,144,0.0,,,85.64893,4.033376,10.374646
2026-05-23 14:00 CST,19.8,39.0,0.9,20.7,ESE,116,0.0,,,86.07077,2.5592253,6.9821258
2026-05-23 15:00 CST,20.1,38.0,0.0,18.0,SSW,209,0.0,,,86.42531,2.5710883,7.0117984
2026-05-23 16:00 CST,17.2,69.0,0.0,23.3,SE,146,2.29,,,48.034214,0.12754084,0.19618687
2026-05-23 17:00 CST,19.6,49.0,0.5,10.0,ESE,114,0.0,,,50.738068,0.18377143,0.28268233
2026-05-23 18:00 CST,22.0,34.0,0.2,14.2,SSW,198,0.0,,,54.059048,0.25808692,0.39699647
2026-05-23 19:00 CST,21.4,34.0,0.2,11.1,SSE,164,0.0,,,57.11912,0.33739617,0.5189922
2026-05-23 20:00 CST,19.9,38.0,0.0,7.6,SSE,155,0.0,,,59.48471,0.39604297,0.6092043
2026-05-23 21:00 CST,16.1,53.0,0.0,0.0,SE,129,0.0,,,60.958786,0.43370017,0.66712964
2026-05-23 22:00 CST,11.3,73.0,0.0,0.0,SE,128,0.0,,,61.622894,0.45017615,0.6924735
2026-05-23 23:00 CST,9.1,83.0,0.0,0.0,ESE,119,0.0,,,61.98932,0.45910683,0.70621085
2026-05-24 00:00 CST,8.1,86.0,0.0,0.0,ESE,110,0.0,,,62.272953,0.4659352,0.71671444
2026-05-24 01:00 CST,9.8,80.0,0.0,0.0,SE,124,0.0,,,62.707306,0.4762415,0.7325679
2026-05-24 02:00 CST,12.0,70.0,0.0,0.0,ESE,119,0.0,,,63.419983,0.49273655,0.75794107
2026-05-24 03:00 CST,10.2,76.0,0.0,0.0,ESE,115,0.0,,,63.929,0.5041896,0.7755585
2026-05-24 04:00 CST,6.5,91.0,0.0,0.0,E,82,0.0,,,64.08542,0.50765324,0.7808863
2026-05-24 05:00 CST,5.3,93.0,0.0,0.0,E,96,0.0,,,64.2043,0.51026803,0.7849085
2026-05-24 06:00 CST,6.5,96.0,0.0,0.0,E,89,0.0,,,64.28519,0.5120385,0.78763187
2026-05-24 07:00 CST,11.1,76.0,0.0,0.0,ENE,76,0.0,,,64.79276,0.52298963,0.80447716
2026-05-24 08:00 CST,16.8,47.0,0.0,0.0,S,187,0.0,,,66.23735,0.55274415,0.8502464
2026-05-24 09:00 CST,19.4,42.0,0.8,8.6,SSW,196,0.0,,,68.2109,0.6152575,0.9464062
2026-05-24 10:00 CST,19.6,41.0,0.6,11.9,SSE,163,0.0,,,70.04975,0.6457999,0.9933873
2026-05-24 11:00 CST,22.3,37.0,0.0,8.5,SSW,194,0.0,,,71.83073,0.6654047,1.1492492
2026-05-24 12:00 CST,24.1,33.0,0.8,15.5,S,182,0.0,,,74.04635,0.7593332,1.6080998
2026-05-24 13:00 CST,24.6,32.0,0.3,7.3,W,262,0.0,,,76.012085,0.82589674,1.9168465
2026-05-24 14:00 CST,26.5,28.0,2.3,17.3,NW,315,0.0,,,78.39014,1.0938798,2.873895
2026-05-24 15:00 CST,24.9,30.0,18.7,30.9,WNW,292,0.0,,,80.927536,3.2263596,8.683898
2026-05-24 16:00 CST,25.2,30.0,17.9,31.9,N,2,0.0,,,79.65765,1.1431593,3.038246
2026-05-24 17:00 CST,24.6,32.0,11.2,30.0,N,352,0.0,,,81.65595,2.4051874,6.674168
2026-05-24 18:00 CST,22.0,36.0,18.4,30.1,WNW,289,0.0,,,83.13241,4.150848,10.740272
2026-05-24 19:00 CST,18.9,36.0,20.2,44.8,NNW,343,0.0,,,84.199814,5.2304273,12.938863
2026-05-24 20:00 CST,16.0,40.0,17.5,36.3,N,349,0.0,,,84.82505,4.968973,12.423349
2026-05-24 21:00 CST,14.2,45.0,0.0,28.0,N,357,0.0,,,85.036606,2.1178834,5.917513
2026-05-24 22:00 CST,12.3,52.0,0.0,0.0,NNW,331,0.0,,,85.12558,2.1439993,5.987653
2026-05-24 23:00 CST,8.2,72.0,0.0,0.0,WSW,256,0.0,,,85.04366,2.119941,5.923049
2026-05-25 00:00 CST,4.7,83.0,0.0,0.0,WNW,293,0.0,,,84.7776,2.0439827,5.7174597
2026-05-25 01:00 CST,2.1,90.0,0.0,0.0,WNW,293,0.0,,,84.37364,1.9348309,5.4175396
2026-05-25 02:00 CST,0.5,92.0,0.0,0.0,WNW,293,0.0,,,83.948524,1.8276348,5.117516
2026-05-25 03:00 CST,-0.6,94.0,0.0,0.0,WNW,293,0.0,,,83.49498,1.7214712,4.814633
2026-05-25 04:00 CST,-1.4,95.0,0.0,0.0,WNW,286,0.0,,,83.04163,1.6233275,4.529141
2026-05-25 05:00 CST,-1.9,95.0,0.0,0.0,S,170,0.0,,,82.61904,1.5385993,4.278095
2026-05-25 06:00 CST,-0.1,98.0,0.0,0.0,NNE,33,0.0,,,82.08445,1.4401665,3.9806578
2026-05-25 07:00 CST,7.3,79.0,0.0,0.0,WNW,290,0.0,,,82.09549,1.4421047,3.9865777
2026-05-25 08:00 CST,13.4,52.0,0.0,0.0,W,264,0.0,,,82.366714,1.4909595,4.134949
2026-05-25 09:00 CST,17.3,35.0,0.0,0.0,W,279,0.0,,,83.00142,1.6149902,4.5046315
2026-05-25 10:00 CST,17.5,34.0,0.0,5.0,W,271,0.0,,,83.61419,1.7485822,4.892548
2026-05-25 11:00 CST,18.4,29.0,0.0,0.0,SSW,193,0.0,,,84.317764,1.9203008,5.377199
2026-05-25 12:00 CST,19.7,25.0,0.0,0.0,WNW,282,0.0,,,85.10705,2.1385286,5.9729834
2026-05-25 13:00 CST,19.4,24.0,0.6,17.1,SW,229,0.0,,,85.92837,2.4709284,7.383261
2026-05-25 14:00 CST,20.9,20.0,0.0,15.0,WNW,300,0.0,,,86.75001,2.692085,7.9714437
2026-05-25 15:00 CST,20.9,20.0,0.5,12.8,WSW,256,0.0,,,87.57206,3.103849,9.023563
2026-05-25 16:00 CST,22.9,18.0,0.3,10.3,WSW,257,0.0,,,87.57715,3.0288272,8.835719
2026-05-25 17:00 CST,23.6,18.0,0.0,11.0,N,351,0.0,,,88.40491,3.410185,9.774395
2026-05-25 18:00 CST,22.7,18.0,0.0,9.8,NW,315,0.0,,,89.105545,3.7709937,10.628224
2026-05-25 19:00 CST,24.4,17.0,0.0,0.0,NE,48,0.0,,,89.827995,4.1828303,11.5670595
2026-05-25 20:00 CST,22.4,21.0,0.0,6.9,ENE,65,0.0,,,90.27862,4.4616776,12.183321
2026-05-25 21:00 CST,17.1,35.0,0.0,0.0,ENE,76,0.0,,,90.328064,4.49335,12.252395
2026-05-25 22:00 CST,11.4,52.0,0.0,0.0,E,83,0.0,,,90.18348,4.4013414,12.051225
2026-05-25 23:00 CST,10.2,57.0,0.0,0.0,ENE,67,0.0,,,89.978455,4.2739964,11.770179
2026-05-26 00:00 CST,12.7,46.0,0.0,0.0,ENE,78,0.0,,,89.93467,4.247268,11.710796
2026-05-26 01:00 CST,13.7,44.0,0.0,0.0,ENE,67,0.0,,,89.9229,4.24011,11.694869
2026-05-26 02:00 CST,13.6,44.0,0.1,3.4,ENE,68,0.0,,,89.90622,4.251357,11.719891
2026-05-26 03:00 CST,12.9,47.0,0.0,0.0,ENE,67,0.0,,,89.85628,4.1998215,11.60504
2026-05-26 04:00 CST,11.1,53.0,0.0,0.0,ENE,62,0.0,,,89.72674,4.1225486,11.431847
2026-05-26 05:00 CST,11.1,52.0,0.0,0.0,E,85,0.0,,,89.617615,4.0585365,11.287461
2026-05-26 06:00 CST,11.5,53.0,0.0,0.0,ENE,72,0.0,,,89.50444,3.9931788,11.13917
2026-05-26 07:00 CST,16.2,40.0,0.6,10.5,E,94,0.0,,,89.553635,4.144902,11.482071
2026-05-26 08:00 CST,18.4,34.0,1.7,20.7,ESE,102,0.0,,,89.653275,4.4442,12.145126
2026-05-26 09:00 CST,22.1,25.0,13.0,25.1,ESE,106,0.0,,,90.18875,8.4802,19.853138
2026-05-26 10:00 CST,23.6,24.0,13.1,26.9,E,101,0.0,,,90.74074,9.222762,21.09279
2026-05-26 11:00 CST,25.4,20.0,17.1,34.6,E,98,0.0,,,91.49008,12.552509,26.205616
2026-05-26 12:00 CST,26.1,20.0,19.7,36.6,ESE,119,0.0,,,92.1423,15.694328,30.522072
2026-05-26 13:00 CST,27.5,19.0,16.9,39.9,E,98,0.0,,,92.76559,14.8793745,31.462788
2026-05-26 14:00 CST,28.2,20.0,16.1,34.7,E,85,0.0,,,93.2334,15.259305,31.998875
2026-05-26 15:00 CST,28.2,19.0,21.8,38.9,ESE,102,0.0,,,93.672676,21.6207,40.237503
2026-05-26 16:00 CST,28.3,19.0,17.0,38.1,E,99,0.0,,,93.75751,19.680437,37.85493
2026-05-26 17:00 CST,28.3,18.0,17.8,37.5,ESE,110,0.0,,,94.123085,18.813568,36.75667
2026-05-26 18:00 CST,27.2,19.0,16.9,31.0,E,95,0.0,,,94.30587,18.439516,36.275845
2026-05-26 19:00 CST,26.0,23.0,14.2,32.8,ENE,77,0.0,,,94.35665,16.20717,33.311493
2026-05-26 20:00 CST,24.0,28.0,13.6,35.2,ENE,77,0.0,,,94.313354,15.630788,32.517445
2026-05-26 21:00 CST,21.4,34.0,12.2,24.4,ENE,78,0.0,,,94.07578,14.095374,30.337376
2026-05-26 22:00 CST,19.3,39.0,10.8,23.9,E,82,0.0,,,93.72084,12.50412,27.966461
2026-05-26 23:00 CST,17.5,44.0,8.5,18.6,E,82,0.0,,,93.29089,10.488265,24.768528
2026-05-27 00:00 CST,16.1,47.0,6.3,19.3,E,85,0.0,,,92.86009,8.838384,21.952787
2026-05-27 01:00 CST,15.8,46.0,10.5,23.1,E,89,0.0,,,92.45413,10.315899,24.48349
2026-05-27 02:00 CST,13.8,54.0,6.9,19.2,E,79,0.0,,,91.94316,8.005746,20.449186
2026-05-27 03:00 CST,12.1,61.0,0.4,11.1,E,82,0.0,,,91.5007,5.419023,15.312042
2026-05-27 04:00 CST,11.5,64.0,0.0,6.4,E,84,0.0,,,91.09616,5.0140123,14.42636
2026-05-27 05:00 CST,10.2,69.0,0.0,0.0,E,85,0.0,,,90.64089,4.6988177,13.717806
2026-05-27 06:00 CST,11.3,66.0,2.9,17.2,E,82,0.0,,,90.13308,5.0572624,14.52223
2026-05-27 07:00 CST,14.0,55.0,1.3,23.4,E,98,0.0,,,89.918396,4.524247,13.317541
2026-05-27 08:00 CST,17.3,43.0,13.8,27.3,ESE,115,0.0,,,89.934395,8.513206,21.372812
2026-05-27 09:00 CST,19.1,39.0,17.0,35.9,ESE,120,0.0,,,89.983734,10.073775,24.07969
2026-05-27 10:00 CST,20.7,36.0,15.5,41.5,SE,134,0.0,,,90.03682,9.411712,22.954277
2026-05-27 11:00 CST,23.0,30.0,21.2,38.4,ESE,123,0.0,,,90.382095,13.178602,28.986404
2026-05-27 12:00 CST,25.2,25.0,23.3,38.2,ESE,116,0.0,,,90.9903,15.978498,32.99797
2026-05-27 13:00 CST,27.0,22.0,20.8,43.4,ESE,118,0.0,,,91.70315,15.58941,34.155792
2026-05-27 14:00 CST,27.9,23.0,21.8,45.1,SE,132,0.0,,,92.26207,17.743565,37.192673
2026-05-27 15:00 CST,28.5,23.0,19.7,38.9,SE,127,0.0,,,92.71677,17.016985,36.1876
2026-05-27 16:00 CST,29.3,21.0,19.1,43.9,SE,135,0.0,,,93.808105,23.761288,44.8987
2026-05-27 17:00 CST,29.7,21.0,19.8,40.9,ESE,123,0.0,,,94.067696,20.649496,41.04028
2026-05-27 18:00 CST,29.9,22.0,16.6,37.4,SE,124,0.0,,,94.21576,17.938128,37.45869
2026-05-27 19:00 CST,29.3,25.0,15.9,34.8,SE,127,0.0,,,94.26651,17.438305,36.77268
2026-05-27 20:00 CST,27.2,29.0,11.0,27.5,ESE,118,0.0,,,94.27614,13.641115,31.245686
2026-05-27 21:00 CST,24.6,35.0,0.0,15.1,ESE,119,0.0,,,94.19143,7.7453337,21.099522
2026-05-27 22:00 CST,22.5,39.0,8.0,14.7,ESE,103,0.0,,,93.873116,11.090796,27.147278
2026-05-27 23:00 CST,20.7,43.0,6.5,12.5,E,93,0.0,,,93.48911,9.7486515,24.828144
2026-05-28 00:00 CST,21.8,39.0,9.5,20.3,ESE,112,0.0,,,93.2408,10.953395,26.915548
2026-05-28 01:00 CST,20.3,44.0,9.0,18.1,ESE,114,0.0,,,92.879295,10.153824,25.541754
2026-05-28 02:00 CST,18.7,49.0,8.0,17.4,ESE,106,0.0,,,92.4326,9.067342,23.599415
2026-05-28 03:00 CST,17.6,54.0,5.1,13.7,ESE,103,0.0,,,91.95113,7.3198166,20.258068
2026-05-28 04:00 CST,15.9,61.0,0.0,0.0,E,84,0.0,,,91.5511,5.3490224,16.068777
2026-05-28 05:00 CST,15.1,66.0,0.0,6.5,E,87,0.0,,,91.09082,5.0102005,15.290272
2026-05-28 06:00 CST,15.3,70.0,0.0,0.0,E,79,0.0,,,90.58806,4.6634927,14.472083
2026-05-28 07:00 CST,16.7,68.0,0.0,0.0,NE,51,0.0,,,90.16725,4.3911295,13.812722
2026-05-28 08:00 CST,23.2,48.0,7.7,17.5,SSE,158,0.0,,,90.16108,6.4669585,18.50904
2026-05-28 09:00 CST,24.5,45.0,6.6,16.0,S,183,0.0,,,90.21049,6.1616783,17.86061
2026-05-28 10:00 CST,26.7,39.0,8.6,22.9,S,185,0.0,,,90.3007,6.903563,19.415382
2026-05-28 11:00 CST,27.8,38.0,4.7,20.2,SSW,199,0.0,,,90.43619,5.782835,17.037771
2026-05-28 12:00 CST,28.4,36.0,14.5,26.6,S,180,0.0,,,90.66461,9.789917,24.901388
2026-05-28 13:00 CST,26.2,43.0,1.0,22.1,ESE,117,0.0,,,90.71419,4.9936438,16.023869
2026-05-28 14:00 CST,28.2,36.0,7.4,22.7,WSW,251,0.0,,,90.865425,7.044454,20.652151
2026-05-28 15:00 CST,32.0,29.0,0.0,13.1,NE,46,0.0,,,91.27406,5.1425743,16.382881
2026-05-28 16:00 CST,35.2,23.0,3.3,17.2,NW,324,0.0,,,93.03022,13.682873,32.7028
2026-05-28 17:00 CST,29.8,35.0,2.0,12.3,SW,224,0.0,,,93.08058,7.339862,21.270767
2026-05-28 18:00 CST,26.2,43.0,4.7,17.1,SW,222,0.0,,,92.87314,8.168701,22.953821
2026-05-28 19:00 CST,24.0,52.0,0.0,11.5,WSW,258,0.0,,,92.57779,6.1841803,18.787325
2026-05-28 20:00 CST,22.1,66.0,0.0,0.0,S,176,0.0,,,91.98877,5.6911902,17.671291
2026-05-28 21:00 CST,19.3,73.0,0.6,10.9,ENE,77,0.0,,,91.20199,5.2463613,16.630651
2026-05-28 22:00 CST,17.3,79.0,0.0,9.9,ESE,119,0.0,,,90.448006,4.571085,14.981639
2026-05-28 23:00 CST,15.5,86.0,0.0,0.0,NNE,31,0.0,,,89.561714,4.026124,13.580476
2026-05-29 00:00 CST,13.9,90.0,0.0,0.0,ENE,61,0.0,,,88.62631,3.5202818,12.213435
2026-05-29 01:00 CST,12.9,89.0,3.9,7.8,SE,127,0.0,,,87.58402,3.6901948,12.680442
2026-05-29 02:00 CST,20.3,50.0,8.1,16.5,S,177,0.0,,,87.63258,4.5917516,15.033464
2026-05-29 03:00 CST,16.6,71.0,0.0,17.4,E,85,0.0,,,87.41879,2.9610608,10.613163
2026-05-29 04:00 CST,13.1,82.0,0.0,0.0,ENE,73,0.0,,,86.974236,2.7792366,10.069394
2026-05-29 05:00 CST,11.4,89.0,0.0,0.0,E,81,0.0,,,86.359695,2.5473678,9.356888
2026-05-29 06:00 CST,12.3,88.0,0.0,0.0,E,86,0.0,,,85.82879,2.3641257,8.777248
2026-05-29 07:00 CST,19.9,65.0,0.0,0.0,ESE,114,0.0,,,85.87677,2.3800645,8.828285
2026-05-29 08:00 CST,23.1,56.0,1.0,15.1,SE,142,0.0,,,86.01708,2.5528233,9.373913
2026-05-29 09:00 CST,25.7,46.0,0.9,20.0,SSE,152,0.0,,,86.41693,2.6871912,9.789213
2026-05-29 10:00 CST,27.7,41.0,5.1,20.4,SE,138,0.0,,,87.07725,3.646716,12.561726
2026-05-29 11:00 CST,30.0,36.0,14.6,32.4,SE,138,0.0,,,88.08147,6.794229,20.119793
2026-05-29 12:00 CST,30.5,33.0,21.4,35.5,SE,145,0.0,,,89.11781,11.105557,28.409307
2026-05-29 13:00 CST,32.1,30.0,17.0,39.8,SE,134,0.0,,,90.136444,10.29652,28.197807
2026-05-29 14:00 CST,33.2,26.0,19.7,44.7,SE,146,0.0,,,91.23614,13.802398,34.33684
2026-05-29 15:00 CST,33.4,22.0,21.2,46.5,SSE,158,0.0,,,92.31888,17.353619,39.88667
2026-05-29 16:00 CST,32.7,24.0,23.8,42.8,SSE,155,0.0,,,93.08058,19.509197,43.007957
2026-05-29 17:00 CST,30.7,26.0,22.2,47.4,SSE,165,0.0,,,93.296715,20.934803,44.986984
2026-05-29 18:00 CST,29.2,31.0,20.1,44.1,SSE,168,0.0,,,93.34716,18.965778,42.236404
2026-05-29 19:00 CST,28.4,34.0,19.2,46.3,SSE,159,0.0,,,93.37184,18.187408,41.113647
2026-05-29 20:00 CST,28.2,37.0,14.8,40.0,SE,140,0.0,,,93.29224,14.409699,35.327328
2026-05-29 21:00 CST,26.4,40.0,14.9,32.5,SE,140,0.0,,,93.08617,14.071235,34.777626
2026-05-29 22:00 CST,24.7,42.0,12.4,33.5,SE,130,0.0,,,92.830536,11.969201,31.224327
2026-05-29 23:00 CST,23.8,42.0,10.5,24.2,SE,130,0.0,,,92.60919,10.54346,28.657284
2026-05-30 00:00 CST,22.5,44.0,0.6,20.0,ESE,123,0.0,,,92.44795,6.258591,19.867308
2026-05-30 01:00 CST,21.4,48.0,0.3,19.4,ESE,109,0.0,,,92.225525,5.974389,19.206654
2026-05-30 02:00 CST,21.2,51.0,10.9,33.4,ESE,120,0.0,,,91.798706,9.595278,26.866602
2026-05-30 03:00 CST,20.7,59.0,10.8,30.7,SE,132,0.0,,,91.19703,8.765355,25.236364
2026-05-30 04:00 CST,19.7,67.0,0.0,20.9,SE,128,0.0,,,90.73467,4.7621527,16.233515
2026-05-30 05:00 CST,18.7,74.0,0.4,23.5,SE,136,0.0,,,90.08687,4.4292645,15.36612
2026-05-30 06:00 CST,18.9,76.0,1.0,20.9,SE,130,0.0,,,89.41744,4.147455,14.611725
2026-05-30 07:00 CST,20.3,70.0,1.6,21.5,SE,124,0.0,,,88.97907,4.014072,14.247756
2026-05-30 08:00 CST,19.9,70.0,13.7,35.1,SE,135,0.0,,,88.44671,6.8421884,21.186743
2026-05-30 09:00 CST,23.4,57.0,16.2,33.3,SE,135,0.0,,,88.46227,7.7781315,23.209734
2026-05-30 10:00 CST,24.8,52.0,18.4,33.1,SE,133,0.0,,,88.51112,8.751144,25.207895
2026-05-30 11:00 CST,26.3,47.0,18.6,39.0,SE,135,0.0,,,88.636246,8.999967,25.70361
2026-05-30 12:00 CST,26.8,45.0,18.8,36.8,SE,138,0.0,,,88.8256,9.341633,26.374943
2026-05-30 13:00 CST,26.9,44.0,20.2,41.4,SSE,161,0.0,,,89.020256,10.30854,29.055841
2026-05-30 14:00 CST,25.9,47.0,19.1,33.2,SE,143,0.0,,,89.06929,9.821589,28.113401
2026-05-30 15:00 CST,26.5,44.0,6.1,33.0,SSE,162,0.0,,,89.18399,5.1860814,17.863216
2026-05-30 16:00 CST,27.6,41.0,8.2,27.5,SE,132,0.0,,,91.237305,13.192616,34.283455
2026-05-30 17:00 CST,27.0,42.0,9.9,23.3,SE,130,0.0,,,91.28707,8.484702,25.417578
2026-05-30 18:00 CST,26.1,44.0,0.0,20.2,ESE,116,0.0,,,91.30819,5.167591,17.816055
2026-05-30 19:00 CST,25.3,47.0,14.7,33.8,SE,141,0.0,,,91.18774,10.654747,29.714273
2026-05-30 20:00 CST,23.9,50.0,6.4,21.3,ESE,118,0.0,,,91.00601,6.833873,21.826836
2026-05-30 21:00 CST,22.8,53.0,13.1,27.3,SE,138,0.0,,,90.71085,9.183506,26.8476
2026-05-30 22:00 CST,21.1,61.0,0.0,18.5,SE,136,0.0,,,90.4261,4.5567923,16.218267
2026-05-30 23:00 CST,19.7,67.0,0.4,19.8,SE,131,0.0,,,89.99007,4.368277,15.708295
2026-05-31 00:00 CST,18.7,72.0,0.0,11.3,SE,124,0.0,,,89.53517,4.010823,14.717018
2026-05-31 01:00 CST,19.0,72.0,0.0,12.1,ESE,107,0.0,,,89.12571,3.7819257,14.064194
2026-05-31 02:00 CST,19.0,73.0,0.0,5.7,ESE,103,0.0,,,88.73411,3.5751774,13.461357
2026-05-31 03:00 CST,18.8,75.0,0.5,7.8,E,97,0.0,,,88.279854,3.4350154,13.045082
2026-05-31 04:00 CST,19.1,74.0,0.7,17.2,ESE,103,0.0,,,87.896286,3.2841856,12.589859
2026-05-31 05:00 CST,18.8,76.0,0.0,15.4,E,100,0.0,,,87.556595,3.0199409,11.772878
2026-05-31 06:00 CST,18.9,76.0,0.0,0.0,E,89,0.0,,,87.25178,2.8913143,11.365573
2026-05-31 07:00 CST,19.2,76.0,0.0,14.0,E,80,0.0,,,86.97937,2.7812676,11.011747
2026-05-31 08:00 CST,23.3,57.0,1.1,16.2,ESE,108,0.0,,,87.02773,2.960084,11.584156
2026-05-31 09:00 CST,24.9,48.0,10.8,33.3,E,91,0.0,,,87.311325,5.024964,17.449993
2026-05-31 10:00 CST,25.6,47.0,18.2,32.6,ESE,109,0.0,,,87.632065,7.637928,23.616278
2026-05-31 11:00 CST,25.6,47.0,15.6,33.5,SE,136,0.0,,,87.887436,6.9494476,22.089226
2026-05-31 12:00 CST,27.2,43.0,15.2,33.2,ESE,116,0.0,,,88.29741,7.223016,22.70321
2026-05-31 13:00 CST,28.5,34.0,20.0,41.5,SSE,149,0.0,,,89.09368,10.313313,29.91482
2026-05-31 14:00 CST,29.5,29.0,21.3,40.4,SE,138,0.0,,,90.03036,12.59489,34.196003
2026-05-31 15:00 CST,30.8,24.0,20.3,38.6,ESE,123,0.0,,,91.0968,13.946725,36.572094
2026-05-31 16:00 CST,30.8,23.0,19.0,44.5,SE,131,0.0,,,91.28707,11.082108,31.39965
2026-05-31 17:00 CST,28.1,32.0,13.2,38.2,S,176,0.0,,,91.49219,10.316026,29.920143
2026-05-31 18:00 CST,27.1,36.0,7.5,26.6,S,181,0.0,,,91.54204,7.795545,24.681309
2026-05-31 19:00 CST,27.7,35.0,0.0,3.4,SE,127,0.0,,,91.5919,5.380082,18.93574
2026-05-31 20:00 CST,27.9,35.0,0.0,3.5,SE,127,0.0,,,91.641785,5.418285,19.034008
2026-05-31 21:00 CST,22.2,58.0,0.0,0.0,NE,48,0.0,,,91.33253,5.185503,18.43079
2026-05-31 22:00 CST,22.7,46.0,0.4,7.5,E,97,0.0,,,91.26036,5.2370644,18.565329
2026-05-31 23:00 CST,23.3,47.0,1.0,17.7,ESE,110,0.0,,,91.17441,5.33221,18.8122
2026-06-01 00:00 CST,20.9,54.0,0.0,4.5,E,88,0.0,,,90.97967,4.931491,17.759993
2026-06-01 01:00 CST,20.6,56.0,0.0,4.3,E,93,0.0,,,90.763855,4.7820277,17.358824
2026-06-01 02:00 CST,18.5,65.0,0.0,7.0,ENE,75,0.0,,,90.38694,4.531347,16.674593
2026-06-01 03:00 CST,17.2,72.0,0.0,0.0,ENE,78,0.0,,,89.89697,4.224387,15.816009
2026-06-01 04:00 CST,14.1,84.0,0.0,0.0,ENE,76,0.0,,,89.156906,3.7989001,14.584304
2026-06-01 05:00 CST,12.5,88.0,0.0,0.0,ENE,74,0.0,,,88.368324,3.3923328,13.35643
2026-06-01 06:00 CST,14.9,84.0,0.0,0.0,ENE,68,0.0,,,87.76697,3.1121998,12.477489
2026-06-01 07:00 CST,20.7,65.0,0.0,0.0,ENE,62,0.0,,,87.68684,3.0767164,12.364064
2026-06-01 08:00 CST,24.8,50.0,0.4,7.0,ENE,68,0.0,,,87.78247,3.1826208,12.701163
2026-06-01 09:00 CST,25.9,48.0,3.0,17.4,ENE,68,0.0,,,87.95009,3.716278,14.339035
2026-06-01 10:00 CST,26.7,38.0,8.3,23.0,E,98,0.0,,,88.45988,5.2220564,18.526224
2026-06-01 11:00 CST,28.2,33.0,12.8,28.1,SE,130,0.0,,,89.18783,7.272807,23.5089
2026-06-01 12:00 CST,28.1,34.0,12.8,27.8,ESE,118,0.0,,,89.72624,7.856903,24.816729
2026-06-01 13:00 CST,30.0,27.0,14.8,33.8,ENE,78,0.0,,,90.59539,9.841263,29.898335
2026-06-01 14:00 CST,28.8,31.0,15.9,46.0,ESE,119,0.0,,,91.02795,11.064277,32.347786
2026-06-01 15:00 CST,28.8,29.0,16.2,37.8,ESE,107,0.0,,,91.46092,11.946385,34.041706
2026-06-01 16:00 CST,29.3,27.0,18.3,35.4,ESE,109,0.0,,,91.66142,10.355899,30.944296
2026-06-01 17:00 CST,29.4,23.0,19.7,38.4,ESE,116,0.0,,,92.30272,16.053669,41.28844
2026-06-01 18:00 CST,29.2,26.0,16.2,35.9,E,95,0.0,,,92.618576,14.070046,37.907063
2026-06-01 19:00 CST,25.5,48.0,19.8,32.8,SSE,163,0.0,,,92.21572,15.937952,41.096535
2026-06-01 20:00 CST,22.7,53.0,12.3,32.9,SE,133,0.0,,,91.73106,10.198418,30.626669
2026-06-01 21:00 CST,18.1,83.0,6.6,29.7,SSE,147,0.25,,,84.83205,2.8717442,12.139897
2026-06-01 22:00 CST,16.7,90.0,0.0,0.0,ESE,117,0.0,,,84.34447,1.9272274,8.714849
2026-06-01 23:00 CST,15.9,94.0,0.0,0.0,E,96,0.0,,,83.7028,1.7690961,8.087029
2026-06-02 00:00 CST,16.2,85.0,2.8,16.2,SE,143,0.0,,,83.45603,1.9722649,8.890301
2026-06-02 01:00 CST,13.9,84.0,0.0,7.3,SE,142,0.0,,,83.3084,1.6801422,7.725261
2026-06-02 02:00 CST,11.3,91.0,0.0,4.4,ESE,122,0.0,,,82.93596,1.6015443,7.400062
2026-06-02 03:00 CST,10.1,93.0,0.0,0.0,E,82,0.0,,,82.514915,1.5186795,7.051218
2026-06-02 04:00 CST,8.2,95.0,0.0,0.0,E,87,0.0,,,82.04685,1.4335946,6.6862116
2026-06-02 05:00 CST,8.2,99.0,0.0,0.0,ENE,75,0.0,,,81.39186,1.3260827,6.2143474
2026-06-02 06:00 CST,10.1,96.0,0.0,0.0,ENE,73,0.0,,,80.95306,1.261039,5.9226546
2026-06-02 07:00 CST,14.2,75.0,0.0,0.0,ENE,66,0.0,,,81.03545,1.2728467,5.9759727
2026-06-02 08:00 CST,17.3,56.0,6.9,19.1,ENE,77,0.0,,,81.57968,1.919245,8.683601
2026-06-02 09:00 CST,19.6,46.0,15.6,27.4,ESE,103,0.0,,,82.53396,3.3411098,13.682326
2026-06-02 10:00 CST,20.5,46.0,12.2,31.6,ESE,119,0.0,,,83.36146,3.1284158,12.994285
2026-06-02 11:00 CST,21.9,44.0,15.8,33.5,ESE,113,0.0,,,84.248116,4.2176037,16.355587
2026-06-02 12:00 CST,23.8,39.0,16.9,34.7,SE,133,0.0,,,85.28974,5.139448,18.939602
2026-06-02 13:00 CST,19.1,64.0,6.7,35.8,SE,138,0.0,,,85.33755,3.0943851,13.228927
2026-06-02 14:00 CST,20.7,50.0,13.7,31.2,SE,127,0.0,,,85.68805,4.6231513,17.960121
2026-06-02 15:00 CST,18.6,68.0,5.0,30.0,SE,128,0.0,,,85.71849,2.9949713,12.892925
2026-06-02 16:00 CST,20.2,51.0,14.3,27.6,SE,129,0.0,,,91.55529,12.542204,35.94292
2026-06-02 17:00 CST,19.0,63.0,0.0,33.2,E,85,0.0,,,91.14566,5.0494733,19.16258
2026-06-02 18:00 CST,19.9,60.0,6.6,18.2,NE,47,0.0,,,90.65789,6.5686765,23.145077
2026-06-02 19:00 CST,19.3,62.0,0.0,15.7,NE,41,0.0,,,90.35199,4.5087543,17.629974
2026-06-02 20:00 CST,18.3,66.0,0.0,6.2,NE,45,0.0,,,89.99294,4.2828765,16.968122
2026-06-02 21:00 CST,16.6,70.0,0.0,0.0,NNE,30,0.0,,,89.585045,4.039621,16.239664
2026-06-02 22:00 CST,15.8,75.0,3.5,23.8,NNE,30,0.0,,,88.93971,4.392492,17.291002
2026-06-02 23:00 CST,15.3,80.0,7.4,23.0,NNE,33,0.0,,,88.13846,4.7656584,18.366848
2026-06-03 00:00 CST,15.1,79.0,5.6,28.0,E,86,0.0,,,87.51099,3.9784904,16.053904
2026-06-03 01:00 CST,13.7,87.0,0.0,17.5,ENE,70,0.0,,,86.89926,2.749763,12.045614
2026-06-03 02:00 CST,13.3,86.0,6.4,27.1,NE,47,0.25,,,80.8471,1.7203604,8.128013
2026-06-03 03:00 CST,12.8,86.0,10.6,32.2,ENE,61,0.0,,,80.83966,2.1240828,9.744732
2026-06-03 04:00 CST,12.1,90.0,11.5,28.1,NE,47,0.0,,,80.62782,2.1710536,9.925377
2026-06-03 05:00 CST,12.0,90.0,5.9,30.4,ENE,63,0.0,,,80.46456,1.6083494,7.656549
2026-06-03 06:00 CST,12.2,90.0,4.5,20.7,ENE,76,0.0,,,80.32881,1.4770259,7.089105
2026-06-03 07:00 CST,11.9,91.0,3.2,27.3,ENE,62,0.0,,,80.16435,1.3593763,6.565956
2026-06-03 08:00 CST,11.5,93.0,0.3,22.2,NE,51,0.0,,,79.95511,1.1491251,5.5912733
2026-06-03 09:00 CST,11.7,92.0,0.0,17.4,ENE,58,0.0,,,79.82729,1.1170775,5.4376874
2026-06-03 10:00 CST,11.3,92.0,1.4,22.2,NE,40,0.0,,,79.67682,1.1805288,5.740406
2026-06-03 11:00 CST,11.2,93.0,5.7,21.9,NE,38,0.0,,,79.454666,1.4339855,6.899418
2026-06-03 12:00 CST,11.9,90.0,5.4,23.9,NNE,29,0.0,,,79.42603,1.4084884,6.786135
2026-06-03 13:00 CST,12.2,86.0,10.8,25.4,NE,37,0.0,,,79.4719,1.8573487,8.732566
2026-06-03 19:00 CST,11.7,83.0,0.0,0.0,NE,49,0.0,,,82.0,1.0,7.0
2026-06-03 20:00 CST,10.6,86.0,4.1,21.7,NE,48,0.0,,,82.0,2.0,8.0
2026-06-03 21:00 CST,10.0,88.0,2.1,17.8,NE,43,0.0,,,82.0,2.0,7.0
2026-06-03 22:00 CST,9.7,89.0,0.3,15.2,NE,55,0.0,,,82.0,1.0,7.0
2026-06-03 23:00 CST,9.6,91.0,0.0,0.0,NE,47,0.0,,,81.0,1.0,6.0
2026-06-04 00:00 CST,9.9,90.0,0.0,6.6,NE,44,0.0,,,81.0,1.0,6.0
2026-06-04 01:00 CST,9.9,90.0,0.0,5.4,ENE,60,0.0,,,81.0,1.0,6.0
2026-06-04 02:00 CST,9.8,90.0,0.0,0.0,NE,40,0.0,,,81.0,1.0,6.0
2026-06-04 03:00 CST,9.6,90.0,1.1,11.1,ENE,65,0.0,,,81.0,1.0,6.0
2026-06-04 04:00 CST,9.1,92.0,0.0,0.0,NE,49,0.0,,,80.0,1.0,6.0
2026-06-04 05:00 CST,9.0,92.0,0.0,0.0,NNW,328,0.0,,,80.0,1.0,6.0
2026-06-04 06:00 CST,9.1,92.0,0.0,0.0,NNE,32,0.0,,,80.0,1.0,6.0
2026-06-04 07:00 CST,9.3,93.0,0.0,0.0,NW,313,0.0,,,80.0,1.0,6.0
2026-06-04 08:00 CST,10.2,89.0,0.0,0.0,NNE,32,0.0,,,80.0,1.0,6.0
2026-06-04 09:00 CST,12.4,78.0,0.0,0.0,NE,50,0.0,,,80.0,1.0,6.0
2026-06-04 10:00 CST,13.9,71.0,0.0,0.0,ENE,70,0.0,,,80.0,1.0,6.0
2026-06-04 11:00 CST,13.7,72.0,0.0,9.3,ESE,102,0.0,,,80.0,1.0,6.0
2026-06-04 12:00 CST,14.6,70.0,0.0,0.0,E,101,0.0,,,80.0,1.0,6.0
2026-06-04 13:00 CST,15.2,70.0,0.0,0.0,E,81,0.0,,,81.0,1.0,6.0
2026-06-04 14:00 CST,15.1,70.0,0.0,0.0,S,172,0.0,,,81.0,1.0,6.0
2026-06-04 15:00 CST,16.0,68.0,0.0,0.0,SSW,204,0.0,,,81.0,1.0,6.0
2026-06-04 16:00 CST,16.1,67.0,0.0,0.0,SSE,165,0.0,,,83.0,2.0,8.0
2026-06-04 17:00 CST,16.3,67.0,0.0,0.0,SE,143,0.0,,,83.0,2.0,8.0
2026-06-04 18:00 CST,16.5,65.0,0.0,0.0,SE,136,0.0,,,83.0,2.0,8.0
2026-06-04 19:00 CST,16.1,69.0,0.0,0.0,WSW,254,0.0,,,83.0,2.0,8.0
2026-06-04 20:00 CST,15.5,73.0,0.0,0.0,WNW,285,0.0,,,83.0,2.0,8.0
2026-06-04 21:00 CST,14.7,80.0,0.0,0.0,SSW,206,0.0,,,83.0,2.0,8.0
2026-06-04 22:00 CST,13.8,84.0,0.0,0.0,SSW,210,0.0,,,83.0,2.0,8.0
2026-06-04 23:00 CST,13.0,87.0,0.0,0.0,SW,230,0.0,,,83.0,2.0,8.0
2026-06-05 00:00 CST,12.5,88.0,0.0,0.0,ENE,73,0.0,,,83.0,2.0,7.0
2026-06-05 01:00 CST,11.9,91.0,0.0,0.0,NNE,33,0.0,,,82.0,1.0,7.0
2026-06-05 02:00 CST,11.2,91.0,0.0,0.0,SW,236,0.0,,,82.0,1.0,7.0
2026-06-05 03:00 CST,9.9,94.0,0.0,0.0,NE,55,0.0,,,82.0,1.0,7.0
2026-06-05 04:00 CST,10.0,95.0,0.0,0.0,ESE,106,0.0,,,81.0,1.0,6.0
2026-06-05 05:00 CST,10.4,93.0,0.0,0.0,E,94,0.0,,,81.0,1.0,6.0
2026-06-05 06:00 CST,11.0,92.0,0.0,0.0,ENE,68,0.0,,,81.0,1.0,6.0
2026-06-05 07:00 CST,12.0,90.0,0.0,0.0,E,87,0.0,,,81.0,1.0,6.0
2026-06-05 08:00 CST,13.3,87.0,0.0,0.0,E,81,0.0,,,81.0,1.0,6.0
2026-06-05 09:00 CST,14.8,78.0,0.0,0.0,SW,232,0.0,,,81.0,1.0,6.0
2026-06-05 10:00 CST,16.0,68.0,0.0,0.0,WSW,256,0.0,,,81.0,1.0,6.0
2026-06-05 11:00 CST,16.4,67.0,0.0,0.0,SW,221,0.0,,,81.0,1.0,6.0
2026-06-05 12:00 CST,18.6,55.0,0.6,12.9,SE,128,0.0,,,81.0,1.0,7.0
2026-06-05 13:00 CST,18.5,56.0,0.0,16.7,SE,141,0.0,,,82.0,1.0,7.0
2026-06-05 14:00 CST,18.5,55.0,0.8,14.7,SE,145,0.0,,,82.0,2.0,8.0
2026-06-05 15:00 CST,19.1,55.0,2.2,21.2,SSE,168,0.0,,,83.0,2.0,8.0
2026-06-05 16:00 CST,19.0,56.0,1.3,23.4,S,181,0.0,,,85.0,2.0,10.0
2026-06-05 17:00 CST,20.3,51.0,0.3,11.6,SSE,158,0.0,,,85.0,2.0,10.0
2026-06-05 18:00 CST,19.6,55.0,6.1,22.3,SE,133,0.0,,,85.0,3.0,13.0
2026-06-05 19:00 CST,19.3,57.0,6.3,24.2,SE,140,0.0,,,85.0,3.0,13.0
2026-06-05 20:00 CST,18.7,59.0,9.4,27.8,SE,132,0.0,,,85.0,4.0,15.0
2026-06-05 21:00 CST,17.0,65.0,0.5,17.5,ESE,123,0.0,,,85.0,2.0,11.0
2026-06-05 22:00 CST,15.6,70.0,0.0,0.0,ESE,109,0.0,,,85.0,2.0,11.0
2026-06-05 23:00 CST,15.7,72.0,9.2,22.1,ESE,118,0.0,,,85.0,4.0,15.0
2026-06-06 00:00 CST,14.9,80.0,0.2,19.8,SE,125,0.0,,,85.0,2.0,10.0
2026-06-06 01:00 CST,14.4,82.0,0.0,16.5,SE,132,0.0,,,85.0,2.0,10.0
2026-06-06 02:00 CST,13.3,86.0,0.0,14.3,SE,138,0.0,,,85.0,2.0,9.0
2026-06-06 03:00 CST,13.4,86.0,0.0,0.0,SSE,150,0.0,,,84.0,2.0,9.0
2026-06-06 04:00 CST,13.3,86.0,0.4,7.4,SSW,213,0.0,,,84.0,2.0,9.0
2026-06-06 05:00 CST,13.3,83.0,0.0,23.8,W,264,0.0,,,84.0,2.0,9.0
2026-06-06 06:00 CST,13.2,75.0,13.2,26.6,W,263,0.0,,,84.0,3.0,15.0
2026-06-06 07:00 CST,13.9,71.0,13.2,26.7,W,269,0.0,,,84.0,3.0,15.0
2026-06-06 08:00 CST,15.2,62.0,16.2,30.8,W,266,0.0,,,84.0,4.0,17.0
2026-06-06 09:00 CST,16.6,58.0,9.0,32.6,WSW,251,0.0,,,84.0,3.0,13.0
2026-06-06 10:00 CST,18.1,52.0,8.6,30.0,W,261,0.0,,,84.0,3.0,13.0
2026-06-06 11:00 CST,19.4,45.0,12.5,30.0,WSW,253,0.0,,,85.0,4.0,16.0
2026-06-06 12:00 CST,20.6,39.0,16.5,28.7,W,268,0.0,,,86.0,5.0,21.0
2026-06-06 13:00 CST,22.1,33.0,8.7,29.2,W,265,0.0,,,87.0,4.0,17.0
2026-06-06 14:00 CST,22.9,27.0,9.2,28.8,WSW,255,0.0,,,88.0,5.0,19.0
2026-06-06 15:00 CST,23.6,26.0,5.0,35.6,W,265,0.0,,,88.0,4.0,18.0
2026-06-06 16:00 CST,22.9,25.0,10.1,25.6,WSW,246,0.0,,,89.0,8.0,28.0
2026-06-06 17:00 CST,21.8,28.0,2.4,24.7,WSW,247,0.0,,,89.0,4.0,18.0
2026-06-06 18:00 CST,21.6,29.0,0.5,21.2,W,278,0.0,,,89.0,4.0,17.0
2026-06-06 19:00 CST,20.5,35.0,0.0,10.3,WNW,293,0.0,,,90.0,4.0,17.0
2026-06-06 20:00 CST,19.8,36.0,0.5,4.7,SSW,210,0.0,,,90.0,4.0,17.0
2026-06-06 21:00 CST,18.5,41.0,0.0,0.0,SW,221,0.0,,,90.0,4.0,17.0
2026-06-06 22:00 CST,15.2,55.0,0.0,0.0,S,174,0.0,,,90.0,4.0,17.0
2026-06-06 23:00 CST,11.3,70.0,0.0,0.0,S,173,0.0,,,89.0,4.0,16.0
2026-06-07 00:00 CST,8.5,80.0,0.0,0.0,ENE,58,0.0,,,89.0,4.0,15.0
2026-06-07 01:00 CST,6.5,86.0,0.0,0.0,SSE,153,0.0,,,88.0,3.0,14.0
2026-06-07 02:00 CST,6.1,92.0,0.0,0.0,ENE,71,0.0,,,87.0,3.0,13.0
2026-06-07 03:00 CST,5.7,88.0,0.0,0.0,NE,41,0.0,,,87.0,3.0,12.0
2026-06-07 04:00 CST,4.9,91.0,0.0,0.0,SSE,149,0.0,,,86.0,2.0,12.0
2026-06-07 05:00 CST,4.8,90.0,0.0,0.0,ESE,103,0.0,,,86.0,2.0,11.0
2026-06-07 06:00 CST,7.1,90.0,0.0,0.0,NW,310,0.0,,,85.0,2.0,10.0
2026-06-07 07:00 CST,10.3,79.0,0.0,0.0,E,88,0.0,,,85.0,2.0,10.0
2026-06-07 08:00 CST,18.2,51.0,0.0,0.0,NE,56,0.0,,,85.0,2.0,10.0
2026-06-07 09:00 CST,21.6,37.0,0.6,8.3,ESE,120,0.0,,,86.0,2.0,11.0
2026-06-07 10:00 CST,23.2,32.0,0.0,13.6,SSW,201,0.0,,,86.0,3.0,12.0
2026-06-07 11:00 CST,24.7,28.0,0.2,15.7,S,178,0.0,,,87.0,3.0,13.0
2026-06-07 12:00 CST,25.6,27.0,0.0,20.4,SSW,200,0.0,,,88.0,3.0,14.0
2026-06-07 13:00 CST,26.6,25.0,1.6,20.0,SSW,208,0.0,,,89.0,4.0,17.0
2026-06-07 14:00 CST,25.6,28.0,6.9,24.3,SE,138,0.0,,,89.0,6.0,22.0
2026-06-07 15:00 CST,25.6,28.0,3.2,16.9,SE,146,0.0,,,90.0,5.0,20.0
2026-06-07 16:00 CST,25.4,31.0,2.2,11.2,SE,138,0.0,,,92.0,5.0,21.0
2026-06-07 17:00 CST,25.2,31.0,2.2,15.6,W,271,0.0,,,92.0,6.0,23.0
2026-06-07 18:00 CST,24.1,37.0,0.0,8.9,WNW,300,0.0,,,92.0,5.0,22.0
2026-06-07 19:00 CST,23.0,47.0,0.0,0.0,W,261,0.0,,,92.0,5.0,22.0
2026-06-07 20:00 CST,18.9,58.0,18.9,29.1,W,280,0.0,,,91.0,13.0,39.0
2026-06-07 21:00 CST,16.4,60.0,0.0,30.9,WNW,289,0.0,,,91.0,5.0,20.0
2026-06-07 22:00 CST,16.3,58.0,1.5,20.9,WNW,292,0.0,,,90.0,5.0,20.0
2026-06-07 23:00 CST,16.0,60.0,0.0,17.0,NW,314,0.0,,,90.0,4.0,18.0
2026-06-08 00:00 CST,15.1,65.0,0.0,18.8,N,3,0.0,,,90.0,4.0,18.0
2026-06-08 01:00 CST,12.9,90.0,0.0,0.0,SSE,162,5.84,,,28.0,0.0,0.0
2026-06-08 02:00 CST,12.2,97.0,0.0,8.9,SW,226,5.08,,,9.0,0.0,0.0
2026-06-08 03:00 CST,12.5,97.0,0.0,10.1,SW,236,0.25,,,9.0,0.0,0.0
2026-06-08 04:00 CST,12.2,94.0,1.5,17.3,SW,217,0.0,,,10.0,0.0,0.0
2026-06-08 05:00 CST,11.2,92.0,0.0,16.1,S,191,0.0,,,10.0,0.0,0.0
2026-06-08 06:00 CST,10.7,90.0,1.2,14.5,SSW,203,0.0,,,11.0,0.0,0.0
2026-06-08 07:00 CST,12.0,84.0,9.9,23.2,SSW,195,0.0,,,13.0,0.0,0.0
2026-06-08 08:00 CST,13.5,72.0,14.7,31.6,SSW,194,0.0,,,16.0,0.0,0.0
2026-06-08 09:00 CST,13.6,72.0,14.3,38.2,SW,222,0.0,,,20.0,0.0,0.0
2026-06-08 10:00 CST,15.5,60.0,14.4,37.4,SW,226,0.0,,,24.0,0.0,0.0
2026-06-08 11:00 CST,14.4,61.0,15.9,31.7,SW,215,0.0,,,28.0,0.0,0.0
2026-06-08 12:00 CST,14.7,60.0,17.9,40.8,SSW,202,0.0,,,32.0,0.0,0.0
2026-06-08 13:00 CST,15.7,57.0,18.5,44.7,SW,219,0.0,,,36.0,0.0,0.0
